sampledate,year,daynum,stratFlag,thermocline,layer,temp,o2,tp,doc
5/9/95,1995,129,FALSE,NA,all,7.705701959,13.10094643,85.12520632,NA
5/23/95,1995,143,TRUE,12.02528668,all,12.66346328,9.19999228,NA,NA
5/23/95,1995,143,TRUE,12.02528668,epi,13.4061993,9.334731364,83.63209858,NA
5/23/95,1995,143,TRUE,12.02528668,hypo,10.67971235,8.840121782,NA,NA
6/6/95,1995,157,TRUE,8.105659983,all,14.51345426,8.16673825,102.2909012,NA
6/6/95,1995,157,TRUE,8.105659983,epi,16.69086294,9.803743655,75.53050973,NA
6/6/95,1995,157,TRUE,8.105659983,hypo,12.09173234,6.346054843,132.0539066,NA
6/21/95,1995,172,TRUE,5.433602162,all,17.7251787,8.020967997,NA,NA
6/21/95,1995,172,TRUE,5.433602162,epi,24.11334395,14.49780255,44.40907643,NA
6/21/95,1995,172,TRUE,5.433602162,hypo,14.28986954,4.537975898,NA,NA
7/6/95,1995,187,TRUE,12.72974976,all,18.70375699,5.731405215,99.96641807,NA
7/6/95,1995,187,TRUE,12.72974976,epi,21.09164243,7.688550436,42.43085106,NA
7/6/95,1995,187,TRUE,12.72974976,hypo,12.32602678,0.504125888,253.6364047,NA
7/18/95,1995,199,TRUE,9.85550916,all,19.64957379,4.587272112,NA,NA
7/18/95,1995,199,TRUE,9.85550916,epi,24.4602913,7.535415868,29.19384822,NA
7/18/95,1995,199,TRUE,9.85550916,hypo,12.97523438,0.497048141,NA,NA
8/2/95,1995,214,TRUE,9.566683317,all,19.85664539,3.127424154,139.6159453,NA
8/2/95,1995,214,TRUE,9.566683317,epi,24.36688386,5.237447298,33.76959563,NA
8/2/95,1995,214,TRUE,9.566683317,hypo,13.59918746,0.2,286.4660696,NA
8/14/95,1995,226,TRUE,9.175373355,all,20.52624007,3.268842706,NA,NA
8/14/95,1995,226,TRUE,9.175373355,epi,25.44204676,5.48079724,23.80615178,NA
8/14/95,1995,226,TRUE,9.175373355,hypo,13.70610101,0.2,NA,NA
8/30/95,1995,242,TRUE,10.38714167,all,20.13162016,4.172660941,136.3442198,NA
8/30/95,1995,242,TRUE,10.38714167,epi,24.09985928,6.364256816,25.17097625,NA
8/30/95,1995,242,TRUE,10.38714167,hypo,13.2830159,0.390284819,328.2130887,NA
9/11/95,1995,254,TRUE,12.11350356,all,18.16024712,4.756287885,NA,NA
9/11/95,1995,254,TRUE,12.11350356,epi,20.3729527,6.456344711,30.9161947,NA
9/11/95,1995,254,TRUE,12.11350356,hypo,12.25039943,0.21565809,NA,NA
9/25/95,1995,268,TRUE,14.55155292,all,15.17176953,5.959214264,NA,NA
9/25/95,1995,268,TRUE,14.55155292,epi,15.98519791,7.284070918,58.72196262,NA
9/25/95,1995,268,TRUE,14.55155292,hypo,11.6964698,0.298883161,NA,NA
10/11/95,1995,284,TRUE,18.81721499,all,14.96414242,7.458654071,NA,NA
10/11/95,1995,284,TRUE,18.81721499,epi,15.06585999,7.721402432,109.4776296,NA
10/11/95,1995,284,TRUE,18.81721499,hypo,13.26804853,3.077445826,NA,NA
10/25/95,1995,298,FALSE,NA,all,11.43197409,8.53488109,155.7608336,NA
11/10/95,1995,314,FALSE,NA,all,7.4,11.24463227,143.774697,NA
12/6/95,1995,340,FALSE,NA,all,2.3,11.33379545,123.774697,NA
4/9/96,1996,100,FALSE,NA,all,3.787649209,15.04218478,124.774697,NA
4/17/96,1996,108,FALSE,NA,all,4.5,13.94752167,122.549394,6.333518179
5/1/96,1996,122,FALSE,NA,all,7.296558422,11.48103334,106.3102276,6.317399375
5/14/96,1996,135,FALSE,NA,all,8.887747216,9.54780856,99.78856045,NA
5/28/96,1996,149,TRUE,19.07286629,all,11.49458226,9.855756868,NA,NA
5/28/96,1996,149,TRUE,19.07286629,epi,11.57636678,9.959434833,109.5833333,NA
5/28/96,1996,149,TRUE,19.07286629,hypo,9.2,6.946922531,NA,NA
6/10/96,1996,162,TRUE,12.92644063,all,13.58323136,8.541897451,115.6031281,6.602222013
6/10/96,1996,162,TRUE,12.92644063,epi,14.35065054,9.072325119,104.4514006,6.655908465
6/10/96,1996,162,TRUE,12.92644063,hypo,11.53355492,7.125194413,145.3879361,6.45883251
6/26/96,1996,178,TRUE,9.080955534,all,16.63689535,7.113363603,NA,NA
6/26/96,1996,178,TRUE,9.080955534,epi,19.53861633,8.144729782,88,NA
6/26/96,1996,178,TRUE,9.080955534,hypo,12.61107785,5.682456897,NA,NA
7/8/96,1996,190,TRUE,9.66165641,all,18.86256942,6.476034585,124.5936114,7.100781723
7/8/96,1996,190,TRUE,9.66165641,epi,23.45810655,9.664814105,83.99391529,7.2961422
7/8/96,1996,190,TRUE,9.66165641,hypo,12.48676902,2.05195506,180.9212073,6.829740629
7/22/96,1996,204,TRUE,10.38206564,all,18.3871525,6.107036632,NA,NA
7/22/96,1996,204,TRUE,10.38206564,epi,21.83723835,9.23060686,54.35584872,NA
7/22/96,1996,204,TRUE,10.38206564,hypo,12.43280551,0.716208161,NA,NA
8/5/96,1996,218,TRUE,10.12760818,all,18.05299555,5.527575175,133.5248097,3.361931915
8/5/96,1996,218,TRUE,10.12760818,epi,21.43788918,8.608724714,54.71354442,3.527610378
8/5/96,1996,218,TRUE,10.12760818,hypo,12.21116084,0.209958652,269.5416051,3.075994955
8/19/96,1996,232,TRUE,10.1964117,all,18.56750626,4.528769514,NA,NA
8/19/96,1996,232,TRUE,10.1964117,epi,22.27124011,6.805189094,25.4233949,NA
8/19/96,1996,232,TRUE,10.1964117,hypo,12.17539967,0.6,NA,NA
9/5/96,1996,249,TRUE,9.181930836,all,19.17731691,3.553138542,143.8763234,6.194117754
9/5/96,1996,249,TRUE,9.181930836,epi,23.49948256,5.975929475,19.01700843,6.239360387
9/5/96,1996,249,TRUE,9.181930836,hypo,13.18078926,0.191783612,317.1048379,6.131348595
9/16/96,1996,260,TRUE,12.1954034,all,16.7338654,4.857122943,NA,NA
9/16/96,1996,260,TRUE,12.1954034,epi,18.5558702,6.633506812,31.53551202,NA
9/16/96,1996,260,TRUE,12.1954034,hypo,11.86752848,0.112633584,NA,NA
10/16/96,1996,290,TRUE,14.36859482,all,13.75172592,6.84019014,NA,NA
10/16/96,1996,290,TRUE,14.36859482,epi,13.93878505,7.777446399,105.6682243,NA
10/16/96,1996,290,TRUE,14.36859482,hypo,12.95253257,2.835846923,NA,NA
11/8/96,1996,313,FALSE,NA,all,9,10.25600812,134.9005576,5.512483238
11/25/96,1996,330,FALSE,NA,all,4.197694403,11.20858668,133.774697,6.782686373
1/14/97,1997,14,FALSE,NA,all,0.707476315,12.8898352,124.2530298,NA
2/17/97,1997,48,FALSE,NA,all,1.116351895,13.26990608,123.8328416,6.297211501
4/9/97,1997,99,FALSE,NA,all,3.785131785,14.32980258,153.324091,6.569870086
4/21/97,1997,111,FALSE,NA,all,4.982168433,12.17511666,141.9861366,NA
5/2/97,1997,122,FALSE,NA,all,7.653078176,11.65294498,146.9584097,6.258209225
5/13/97,1997,133,TRUE,11.08470985,all,9.957043197,11.34334371,NA,NA
5/13/97,1997,133,TRUE,11.08470985,epi,10.02230933,11.60945615,126.6784256,6.985485056
5/13/97,1997,133,TRUE,11.08470985,hypo,9.817119629,10.77282724,NA,NA
5/28/97,1997,148,TRUE,13.14195421,all,11.50564471,9.637161963,NA,NA
5/28/97,1997,148,TRUE,13.14195421,epi,11.65075188,9.715948525,159.2687247,NA
5/28/97,1997,148,TRUE,13.14195421,hypo,11.01919225,9.373040498,NA,NA
6/11/97,1997,162,TRUE,8.608556987,all,14.3886658,9.502107139,125.5344658,6.608426615
6/11/97,1997,162,TRUE,8.608556987,epi,16.2267132,10.84494501,117.6340948,6.810970548
6/11/97,1997,162,TRUE,8.608556987,hypo,12.34438276,8.008597942,134.3212875,6.383156512
6/25/97,1997,176,TRUE,9.552546227,all,17.9603821,7.675203316,NA,NA
6/25/97,1997,176,TRUE,9.552546227,epi,21.56834036,9.296224607,68,NA
6/25/97,1997,176,TRUE,9.552546227,hypo,12.95473835,5.426215243,NA,NA
7/24/97,1997,205,TRUE,10.66746115,all,19.37388914,5.686980099,NA,NA
7/24/97,1997,205,TRUE,10.66746115,epi,22.54585752,8.609709763,49.88962181,NA
7/24/97,1997,205,TRUE,10.66746115,hypo,13.89953249,0.642773269,NA,NA
8/6/97,1997,218,TRUE,10.86489273,all,19.50272235,5.367792259,175.3589647,6.323592819
8/6/97,1997,218,TRUE,10.86489273,epi,23.09975374,8.304819701,69.60954266,6.330192172
8/6/97,1997,218,TRUE,10.86489273,hypo,13.29476871,0.298909538,357.8671056,6.312203293
8/18/97,1997,230,TRUE,11.65929307,all,18.83764977,4.991369219,NA,NA
8/18/97,1997,230,TRUE,11.65929307,epi,21.34350808,7.226261636,49.64314878,NA
8/18/97,1997,230,TRUE,11.65929307,hypo,13.46535879,0.2,NA,NA
9/2/97,1997,245,TRUE,11.08060746,all,18.72612313,6.525969433,186.986938,6.770399675
9/2/97,1997,245,TRUE,11.08060746,epi,21.17486526,9.337840928,70.61709946,6.447475706
9/2/97,1997,245,TRUE,11.08060746,hypo,13.47628309,0.497619064,436.4713687,7.462713969
10/1/97,1997,274,TRUE,15.77734608,all,16.81571531,7.673210002,306.8462138,6.252976088
10/1/97,1997,274,TRUE,15.77734608,epi,17.39556197,9.000722164,247.0552455,6.298934152
10/1/97,1997,274,TRUE,15.77734608,hypo,13.57576852,0.25561327,640.9337678,5.996181164
10/30/97,1997,303,FALSE,NA,all,11.18999824,8.782746448,175.9861366,6.171828407
11/30/97,1997,334,FALSE,NA,all,4.741073525,12.1572891,156.8358206,6.660337957
2/6/98,1998,37,FALSE,NA,all,0.593987316,14.03679066,143.150202,NA
3/13/98,1998,72,FALSE,NA,all,0.7,8.649999224,136.324091,NA
3/26/98,1998,85,FALSE,NA,all,2.052656081,16.63250957,137.1126515,NA
4/10/98,1998,100,FALSE,NA,all,5.49750485,8.831762264,149.324091,7.20195743
4/24/98,1998,114,TRUE,5.748109281,all,8.410030941,NA,157.2154884,6.100450653
4/24/98,1998,114,TRUE,5.748109281,epi,9.82843949,NA,143.483539,6.07516043
4/24/98,1998,114,TRUE,5.748109281,hypo,7.647265467,NA,164.6000018,6.11405076
5/11/98,1998,131,TRUE,9.684301894,all,11.41869113,10.12692499,NA,NA
5/11/98,1998,131,TRUE,9.684301894,epi,12.93242622,10.30615178,103.255366,NA
5/11/98,1998,131,TRUE,9.684301894,hypo,9.318550823,9.878267602,NA,NA
5/28/98,1998,148,TRUE,9.282503034,all,14.27400385,8.299261619,NA,NA
5/28/98,1998,148,TRUE,9.282503034,epi,17.44633959,9.463894212,122.4399195,6.622832503
5/28/98,1998,148,TRUE,9.282503034,hypo,9.872738251,6.683462478,NA,NA
6/8/98,1998,159,TRUE,10.97740072,all,14.4169268,7.026101742,118.204697,7.839310964
6/8/98,1998,159,TRUE,10.97740072,epi,16.98677221,8.523799472,92.90026385,7.057549472
6/8/98,1998,159,TRUE,10.97740072,hypo,9.981746927,4.441293022,161.8764727,9.188517737
6/22/98,1998,173,TRUE,9.08828603,all,16.98135031,6.940023751,NA,NA
6/22/98,1998,173,TRUE,9.08828603,epi,20.27706018,9.224319663,93.95707167,NA
6/22/98,1998,173,TRUE,9.08828603,hypo,12.40891674,3.770815372,NA,NA
7/6/98,1998,187,TRUE,10.45571227,all,18.49042458,5.623921548,123.643022,7.264489495
7/6/98,1998,187,TRUE,10.45571227,epi,21.67229551,8.131169745,90.10540897,7.011728232
7/6/98,1998,187,TRUE,10.45571227,hypo,12.99897755,1.296775372,181.5240704,7.700718717
7/23/98,1998,204,TRUE,10.30758179,all,19.54997273,4.547523899,NA,NA
7/23/98,1998,204,TRUE,10.30758179,epi,23.92849604,6.937713281,51.5766051,NA
7/23/98,1998,204,TRUE,10.30758179,hypo,11.99327752,0.422404236,NA,NA
8/2/98,1998,214,TRUE,9.828883258,all,18.86151207,4.452145784,176.5217838,8.665137105
8/2/98,1998,214,TRUE,9.828883258,epi,23.27642775,7.444921426,33.83178421,10.3086616
8/2/98,1998,214,TRUE,9.828883258,hypo,12.73630399,0.3,374.4884044,6.384928317
8/18/98,1998,230,TRUE,10.5578837,all,18.93184291,4.23173242,NA,NA
8/18/98,1998,230,TRUE,10.5578837,epi,22.50467898,6.384010554,32.75452946,NA
8/18/98,1998,230,TRUE,10.5578837,hypo,12.76564685,0.51721301,NA,NA
9/2/98,1998,245,TRUE,11.85567041,all,19.29216107,5.255531009,113.5250344,6.295633381
9/2/98,1998,245,TRUE,11.85567041,epi,22.66379226,7.261538462,33.83317001,6.353059775
9/2/98,1998,245,TRUE,11.85567041,hypo,12.06374606,0.954866563,284.3758293,6.172517363
9/28/98,1998,271,TRUE,12.76569203,all,17.48216376,5.521895046,NA,NA
9/28/98,1998,271,TRUE,12.76569203,epi,19.67993265,7.486116639,42.39346395,NA
9/28/98,1998,271,TRUE,12.76569203,hypo,11.61221005,0.275715652,NA,NA
10/27/98,1998,300,TRUE,16.98363618,all,13.22090874,8.101252039,328.637485,6.711611434
10/27/98,1998,300,TRUE,16.98363618,epi,13.43741805,8.866565809,279.6899584,6.700770613
10/27/98,1998,300,TRUE,16.98363618,hypo,11.58068042,2.303398236,699.4535008,6.793739184
11/23/98,1998,327,FALSE,NA,all,7.1,10.76112026,160.4228791,7.220710612
1/25/99,1999,25,FALSE,NA,all,1.614013332,12.77824641,146.0747441,5.858317526
2/22/99,1999,53,FALSE,NA,all,2.802016701,11.37267944,143.7605651,5.884269189
3/29/99,1999,88,FALSE,NA,all,3.895667679,13.7,147.9861366,NA
4/12/99,1999,102,FALSE,NA,all,6.72210709,11.94697617,117.5971053,5.943384233
4/26/99,1999,116,TRUE,5.358416034,all,8.338031768,11.32829774,NA,NA
4/26/99,1999,116,TRUE,5.358416034,epi,8.995095541,11.54092357,110.0671975,NA
4/26/99,1999,116,TRUE,5.358416034,hypo,7.984688184,11.21395577,NA,NA
5/10/99,1999,130,TRUE,14.22718478,all,11.36745235,9.872866751,115.7053142,6.510954363
5/10/99,1999,130,TRUE,14.22718478,epi,11.6967702,10.00441176,113.0099986,6.529899842
5/10/99,1999,130,TRUE,14.22718478,hypo,9.960471403,9.310852491,127.2208077,6.430011508
5/26/99,1999,146,TRUE,16.1931055,all,13.88124829,9.657602282,NA,NA
5/26/99,1999,146,TRUE,16.1931055,epi,14.25543369,10.03170701,108.6174357,NA
5/26/99,1999,146,TRUE,16.1931055,hypo,11.0464996,6.823464706,NA,NA
6/7/99,1999,158,TRUE,10.77243432,all,16.49610136,7.982904153,129.3861645,6.23557249
6/7/99,1999,158,TRUE,10.77243432,epi,18.5312577,8.894230431,117.1494283,6.360810906
6/7/99,1999,158,TRUE,10.77243432,hypo,12.98371717,6.410087381,150.5049937,6.019429177
6/21/99,1999,172,TRUE,10.29537143,all,17.79504111,8.479233155,NA,NA
6/21/99,1999,172,TRUE,10.29537143,epi,20.33834653,10.96670185,85.93245383,NA
6/21/99,1999,172,TRUE,10.29537143,hypo,13.40566542,4.186223532,NA,NA
7/6/99,1999,187,TRUE,10.32926824,all,20.03089804,6.163635236,136.7903466,6.340674862
7/6/99,1999,187,TRUE,10.32926824,epi,23.71718558,8.953175022,73.56833773,6.59814248
7/6/99,1999,187,TRUE,10.32926824,hypo,13.66890123,1.349294786,245.9023499,5.896323155
7/19/99,1999,200,TRUE,11.5852986,all,20.5797664,5.940002368,NA,NA
7/19/99,1999,200,TRUE,11.5852986,epi,23.7737547,8.660199249,48.1651968,NA
7/19/99,1999,200,TRUE,11.5852986,hypo,13.73219866,0.10819252,NA,NA
8/2/99,1999,214,TRUE,10.91143537,all,21.55651041,4.073406902,152.0698513,5.860623164
8/2/99,1999,214,TRUE,10.91143537,epi,25.60524186,6.375690413,49.17493404,5.962486368
8/2/99,1999,214,TRUE,10.91143537,hypo,14.56898805,0.1,329.6515315,5.684822072
8/16/99,1999,228,TRUE,12.67618276,all,19.93087665,5.257778917,NA,NA
8/16/99,1999,228,TRUE,12.67618276,epi,22.39975509,7.188902495,40.84517067,NA
8/16/99,1999,228,TRUE,12.67618276,hypo,13.33682472,0.1,NA,NA
8/30/99,1999,242,TRUE,12.90566739,all,19.71467221,5.401146456,129.6906718,6.171781965
8/30/99,1999,242,TRUE,12.90566739,epi,22.05593143,7.380085719,36.96980713,6.269754707
8/30/99,1999,242,TRUE,12.90566739,hypo,13.46147457,0.11565809,377.3359942,5.910109565
9/27/99,1999,270,TRUE,16.35273596,all,17.18321599,7.054934956,275.5601313,6.463664292
9/27/99,1999,270,TRUE,16.35273596,epi,17.75426122,7.972982854,224.8010905,6.4280949
9/27/99,1999,270,TRUE,16.35273596,hypo,12.8570992,0.1,660.0997914,6.733130408
10/7/99,1999,280,TRUE,18.40788889,all,14.43529918,6.975561038,NA,NA
10/7/99,1999,280,TRUE,18.40788889,epi,14.55822217,7.382127258,NA,NA
10/7/99,1999,280,TRUE,18.40788889,hypo,12.38561475,0.196256055,NA,NA
10/26/99,1999,299,FALSE,NA,all,11.4,10.6275079,133.8136701,6.625785015
11/22/99,1999,326,FALSE,NA,all,9.307795951,10.49603431,115.3247454,6.438122078
1/24/00,2000,24,FALSE,NA,all,0.445787178,15.11249358,112.6930946,6.847000698
2/28/00,2000,59,FALSE,NA,all,1.199979952,13.62013985,119.4170688,5.48324091
3/13/00,2000,73,FALSE,NA,all,2.838411987,12.99389688,113.624792,5.381679359
3/29/00,2000,89,FALSE,NA,all,4.231907491,13.65123054,NA,NA
4/10/00,2000,101,FALSE,NA,all,5.672758497,13.1378215,96.82403833,5.820514065
4/25/00,2000,116,FALSE,NA,all,7.086656228,11.81665995,78.21143955,NA
5/9/00,2000,130,TRUE,7.149640232,all,11.63935887,10.30452967,78.24522941,6.415367495
5/9/00,2000,130,TRUE,7.149640232,epi,15.73577525,10.26325273,65.89449976,6.505510609
5/9/00,2000,130,TRUE,7.149640232,hypo,8.01016085,10.34109876,89.18729178,6.335505689
5/22/00,2000,143,TRUE,12.60386526,all,12.2376119,9.189800449,NA,NA
5/22/00,2000,143,TRUE,12.60386526,epi,13.10679627,9.553084341,79.15482933,NA
5/22/00,2000,143,TRUE,12.60386526,hypo,9.916133972,8.21951661,NA,NA
6/6/00,2000,158,TRUE,14.97836821,all,14.69716117,8.643378013,98.75435954,5.946753142
6/6/00,2000,158,TRUE,14.97836821,epi,15.31862287,9.088620121,93.31696674,5.956981171
6/6/00,2000,158,TRUE,14.97836821,hypo,12.04202183,6.741121083,121.9851321,5.903054808
6/19/00,2000,171,TRUE,12.4175794,all,16.9599032,7.873743913,NA,NA
6/19/00,2000,171,TRUE,12.4175794,epi,18.74356345,9.370518904,97.70312261,NA
6/19/00,2000,171,TRUE,12.4175794,hypo,12.1959796,3.876053355,NA,NA
7/3/00,2000,185,TRUE,12.45146348,all,18.57466851,6.204073725,118.286795,5.98330741
7/3/00,2000,185,TRUE,12.45146348,epi,20.67703964,8.06376856,85.8920098,6.089819761
7/3/00,2000,185,TRUE,12.45146348,hypo,12.95950974,1.237071656,204.8090363,5.698826829
7/17/00,2000,199,TRUE,10.34651309,all,20.26123386,6.32877553,NA,NA
7/17/00,2000,199,TRUE,10.34651309,epi,23.65871592,9.662022867,45.35584872,NA
7/17/00,2000,199,TRUE,10.34651309,hypo,14.39767337,0.576074828,NA,NA
7/31/00,2000,213,TRUE,12.44664261,all,19.71787858,4.906214937,131.4338521,6.389476675
7/31/00,2000,213,TRUE,12.44664261,epi,21.98483086,6.689132099,62.4719501,6.559913707
7/31/00,2000,213,TRUE,12.44664261,hypo,13.66314504,0.144276008,315.6220875,5.934261617
8/16/00,2000,229,TRUE,11.53547786,all,20.74957268,4.706850196,NA,NA
8/16/00,2000,229,TRUE,11.53547786,epi,23.87182754,6.80903152,39.1651968,NA
8/16/00,2000,229,TRUE,11.53547786,hypo,14.05579374,0.1999993,NA,NA
8/28/00,2000,241,TRUE,12.50612369,all,19.90953735,4.734815386,191.4744166,5.621929748
8/28/00,2000,241,TRUE,12.50612369,epi,22.19032604,6.470136231,97.91581203,5.681145148
8/28/00,2000,241,TRUE,12.50612369,hypo,13.8178486,0.1,441.3572327,5.463773148
9/25/00,2000,269,TRUE,16.768996,all,16.81534756,5.491501528,198.8409436,5.576418963
9/25/00,2000,269,TRUE,16.768996,epi,17.28845184,6.203177005,156.2594974,5.571653429
9/25/00,2000,269,TRUE,16.768996,hypo,13.23121049,0.1,521.4288925,5.612521633
10/24/00,2000,298,TRUE,12.67631512,all,13.97982898,6.434845012,157.6813009,5.566538609
10/24/00,2000,298,TRUE,12.67631512,epi,14.06154906,7.125271698,145.3701688,5.530913439
10/24/00,2000,298,TRUE,12.67631512,hypo,13.76156532,4.59080549,190.5627273,5.661688784
11/28/00,2000,333,FALSE,NA,all,5.425404108,11.49880612,137.3247454,5.609235507
1/17/01,2001,17,FALSE,NA,all,1.414804955,8.925051073,147.2062674,5.582913072
3/7/01,2001,66,FALSE,NA,all,2.250644278,10.10428778,145.9483507,5.889485861
4/10/01,2001,100,FALSE,NA,all,4.006515856,14.93219906,109.5355306,NA
4/23/01,2001,113,FALSE,NA,all,7.253735041,13.62513882,92.74066658,5.919001807
5/7/01,2001,127,TRUE,12.13721499,all,11.25388562,10.30568771,95.78467022,5.723163263
5/7/01,2001,127,TRUE,12.13721499,epi,11.89035665,10.35083423,91.12184295,5.731409766
5/7/01,2001,127,TRUE,12.13721499,hypo,9.553954593,10.18510724,108.238473,5.701137931
5/21/01,2001,141,TRUE,10.04358207,all,14.57833818,8.929107861,NA,NA
5/21/01,2001,141,TRUE,10.04358207,epi,16.11204925,9.413861038,90.5766051,NA
5/21/01,2001,141,TRUE,10.04358207,hypo,11.93137565,8.092494296,NA,NA
6/4/01,2001,155,TRUE,14.93274592,all,13.94696771,7.869155885,110.5002794,5.22789732
6/4/01,2001,155,TRUE,14.93274592,epi,14.58128092,8.855002749,99.91382628,5.225799203
6/4/01,2001,155,TRUE,14.93274592,hypo,11.23692148,3.657213673,155.7299499,5.236861339
6/18/01,2001,169,TRUE,10.89238457,all,16.71060161,7.14715081,NA,NA
6/18/01,2001,169,TRUE,10.89238457,epi,18.94638522,9.016868953,90.17792436,NA
6/18/01,2001,169,TRUE,10.89238457,hypo,12.85196387,3.920288897,NA,NA
7/2/01,2001,183,TRUE,10.03701223,all,18.47940244,6.691711797,134.176549,NA
7/2/01,2001,183,TRUE,10.03701223,epi,21.35503958,9.021512753,78.40782762,NA
7/2/01,2001,183,TRUE,10.03701223,hypo,13.51647046,2.670813784,230.4252609,NA
7/16/01,2001,197,TRUE,9.086178148,all,19.57973455,4.505737157,NA,NA
7/16/01,2001,197,TRUE,9.086178148,epi,23.48618245,7.330490609,24.38769644,NA
7/16/01,2001,197,TRUE,9.086178148,hypo,14.15996938,0.586703608,NA,NA
7/30/01,2001,211,TRUE,9.250470284,all,19.62927269,3.652359393,144.5128752,5.675128444
7/30/01,2001,211,TRUE,9.250470284,epi,23.58137217,5.996588731,41.40436949,6.018935416
7/30/01,2001,211,TRUE,9.250470284,hypo,14.14617099,0.4,287.5645432,5.198134228
8/13/01,2001,225,TRUE,10.35068653,all,20.81514821,3.406208253,NA,NA
8/13/01,2001,225,TRUE,10.35068653,epi,24.61141601,5.024485488,36.64415128,NA
8/13/01,2001,225,TRUE,10.35068653,hypo,14.26334146,0.613296823,NA,NA
8/27/01,2001,239,TRUE,12.04979046,all,19.78640632,4.921185167,146.5381083,5.466847251
8/27/01,2001,239,TRUE,12.04979046,epi,22.258304,6.377942752,42.00815093,5.557169754
8/27/01,2001,239,TRUE,12.04979046,hypo,13.1842904,1.030375876,425.7239752,5.225607639
9/26/01,2001,269,TRUE,17.67112696,all,16.39708387,6.373002405,214.3167308,5.403517637
9/26/01,2001,269,TRUE,17.67112696,epi,16.70615497,6.883821919,179.7191238,5.397032397
9/26/01,2001,269,TRUE,17.67112696,hypo,13.04509645,0.832980661,589.5402483,5.473852405
10/22/01,2001,295,FALSE,NA,all,12.82354355,7.079650787,149.4853113,5.559684361
11/26/01,2001,330,FALSE,NA,all,9.100500946,10.21534644,134.7010186,5.715581231
3/28/02,2002,87,FALSE,NA,all,1.310279518,16.9080089,104.3266503,5.488055038
4/8/02,2002,98,FALSE,NA,all,2.704922141,17.97272531,97.77469702,NA
4/24/02,2002,114,FALSE,NA,all,7.187570136,13.37374836,76.39205281,5.2586655
5/6/02,2002,126,TRUE,6.822109354,all,9.019275601,11.33813044,NA,NA
5/6/02,2002,126,TRUE,6.822109354,epi,9.678850325,11.22407809,85.17719631,NA
5/6/02,2002,126,TRUE,6.822109354,hypo,8.55953219,11.41762836,NA,NA
5/20/02,2002,140,TRUE,12.78351901,all,11.04335484,10.29486782,95.22389414,5.294329537
5/20/02,2002,140,TRUE,12.78351901,epi,11.13526711,10.32472065,94.32194245,5.30504439
5/20/02,2002,140,TRUE,12.78351901,hypo,10.79786919,10.2151348,97.63288934,5.265711564
6/3/02,2002,154,TRUE,11.12607505,all,13.10995209,9.632657242,NA,NA
6/3/02,2002,154,TRUE,11.12607505,epi,13.53093255,9.755054712,80.8348032,NA
6/3/02,2002,154,TRUE,11.12607505,hypo,12.20741522,9.370250217,NA,NA
6/18/02,2002,169,TRUE,9.227552884,all,16.23195249,8.036395959,99.9038391,5.361775138
6/18/02,2002,169,TRUE,9.227552884,epi,18.88079724,8.812361058,73.67262361,5.440157148
6/18/02,2002,169,TRUE,9.227552884,hypo,12.55697285,6.959830055,136.2967545,5.253028753
7/1/02,2002,182,TRUE,8.323752882,all,19.09077228,7.391465,NA,NA
7/1/02,2002,182,TRUE,8.323752882,epi,24.29058799,9.889022843,33.21393824,NA
7/1/02,2002,182,TRUE,8.323752882,hypo,13.3075182,4.613672022,NA,NA
7/15/02,2002,196,TRUE,8.20037409,all,19.1225577,6.241116075,114.885495,5.831383536
7/15/02,2002,196,TRUE,8.20037409,epi,24.20558376,10.11895093,35.60712775,6.039954526
7/15/02,2002,196,TRUE,8.20037409,hypo,13.46919752,1.928173948,203.0591853,5.599410118
7/26/02,2002,207,TRUE,9.871111374,all,20.07611388,4.861989621,NA,NA
7/26/02,2002,207,TRUE,9.871111374,epi,24.60921809,8.154043695,26.41845535,NA
7/26/02,2002,207,TRUE,9.871111374,hypo,13.78693227,0.294628054,NA,NA
8/12/02,2002,224,TRUE,10.30253587,all,19.95526551,4.757835493,102.1349246,5.672581763
8/12/02,2002,224,TRUE,10.30253587,epi,23.85296394,7.506930519,21.97700088,5.897072559
8/12/02,2002,224,TRUE,10.30253587,hypo,13.2284042,0.013296823,240.4758569,5.285143259
8/26/02,2002,238,TRUE,10.85833273,all,19.66337396,4.974485417,NA,NA
8/26/02,2002,238,TRUE,10.85833273,epi,23.09613017,7.596921724,20.64415128,NA
8/26/02,2002,238,TRUE,10.85833273,hypo,13.73893541,0.448541297,NA,NA
9/23/02,2002,266,TRUE,13.48417629,all,18.40205613,6.511358261,150.190799,6.75380813
9/23/02,2002,266,TRUE,13.48417629,epi,20.06655581,7.92126952,67.37909678,6.916172884
9/23/02,2002,266,TRUE,13.48417629,hypo,12.82204245,1.784818378,427.8060115,6.209501897
10/21/02,2002,294,FALSE,NA,all,12.44031576,8.058837156,118.0957521,5.613391359
11/18/02,2002,322,FALSE,NA,all,7.373237391,11.254195,101.3557901,5.620134545
1/21/03,2003,21,FALSE,NA,all,0.524815179,15.62945066,88.70782335,5.901322836
4/3/03,2003,93,FALSE,NA,all,3.031551773,14.81628932,83,NA
4/14/03,2003,104,FALSE,NA,all,3.96022929,14.60849604,81.7003643,5.510076746
4/28/03,2003,118,TRUE,11.89651171,all,8.159479544,13.43306953,NA,NA
4/28/03,2003,118,TRUE,11.89651171,epi,8.457716805,13.33233709,50.5044096,NA
4/28/03,2003,118,TRUE,11.89651171,hypo,7.520090899,13.64902907,NA,NA
5/13/03,2003,133,FALSE,NA,all,10.5765892,10.79979307,62.62537727,5.808834606
5/27/03,2003,147,TRUE,9.683615111,all,13.64489755,10.20702861,NA,NA
5/27/03,2003,147,TRUE,9.683615111,epi,14.88401686,10.79264086,NA,NA
5/27/03,2003,147,TRUE,9.683615111,hypo,11.92575631,9.394556271,NA,NA
6/9/03,2003,160,TRUE,10.3564925,all,15.08037737,9.613514846,59.2647103,6.202853925
6/9/03,2003,160,TRUE,10.3564925,epi,17.00049252,10.97913808,37.43781882,6.321172603
6/9/03,2003,160,TRUE,10.3564925,hypo,11.76653755,7.256647516,96.93475433,5.998653075
6/23/03,2003,174,TRUE,8.473525551,all,16.94779743,8.209494585,NA,NA
6/23/03,2003,174,TRUE,8.473525551,epi,20.41905668,10.19183587,26.71637056,NA
6/23/03,2003,174,TRUE,8.473525551,hypo,13.08705017,6.004727347,NA,NA
7/7/03,2003,188,TRUE,8.74498413,all,18.67737482,5.246764797,88.50294773,5.63317293
7/7/03,2003,188,TRUE,8.74498413,epi,23.24397208,7.483375635,23.69120135,5.78
7/7/03,2003,188,TRUE,8.74498413,hypo,13.59838863,2.759198034,160.5868094,5.469871326
7/24/03,2003,205,TRUE,10.29032747,all,18.92282499,4.701582583,NA,NA
7/24/03,2003,205,TRUE,10.29032747,epi,22.47222515,7.176270888,23.17792436,NA
7/24/03,2003,205,TRUE,10.29032747,hypo,12.79707592,0.430630052,NA,NA
8/4/03,2003,216,TRUE,10.48247026,all,19.80665263,5.112607172,104.3600767,6.441787712
8/4/03,2003,216,TRUE,10.48247026,epi,23.57182058,8.009322779,20.87880387,6.956867634
8/4/03,2003,216,TRUE,10.48247026,hypo,13.30851969,0.113296823,248.4366269,5.55283459
8/18/03,2003,230,TRUE,10.23652299,all,20.39736208,5.031345297,NA,NA
8/18/03,2003,230,TRUE,10.23652299,epi,24.26008795,7.897616535,20,NA
8/18/03,2003,230,TRUE,10.23652299,hypo,13.73085835,0.084577507,NA,NA
9/2/03,2003,245,TRUE,11.52107604,all,19.87433217,4.313956539,178.0964985,5.693347047
9/2/03,2003,245,TRUE,11.52107604,epi,22.81058305,6.279519843,84.08952923,5.776017883
9/2/03,2003,245,TRUE,11.52107604,hypo,13.57932578,0.1,379.6373401,5.516109657
9/29/03,2003,272,TRUE,16.41394902,all,15.64470644,6.947707218,225.233015,5.558520076
9/29/03,2003,272,TRUE,16.41394902,epi,16.11173727,7.851601109,182.5999117,5.594316482
9/29/03,2003,272,TRUE,16.41394902,hypo,12.10658059,0.1,548.2123068,5.287334149
10/27/03,2003,300,FALSE,NA,all,12.68481995,8.654990411,129.9610269,5.664632504
11/25/03,2003,329,FALSE,NA,all,6.7,11.099998,120.5883671,5.879402589
2/3/04,2004,34,FALSE,NA,all,1.020606034,13.43349252,103.1015723,5.464091044
3/29/04,2004,89,FALSE,NA,all,3.481033342,13.94624848,149.3812888,NA
4/12/04,2004,103,FALSE,NA,all,6.084684744,15.07634107,88.0508736,5.844066466
4/28/04,2004,119,FALSE,NA,all,8.899999777,11.79999198,67.77469702,NA
5/10/04,2004,131,TRUE,5.078724614,all,11.09122198,9.947941537,83.65777779,6.192716455
5/10/04,2004,131,TRUE,5.078724614,epi,12.01789809,10,77.59148089,6.383820064
5/10/04,2004,131,TRUE,5.078724614,hypo,10.59289127,9.919946501,86.91999855,6.089948296
5/24/04,2004,145,TRUE,15.7484762,all,14.45500868,9.48348662,NA,NA
5/24/04,2004,145,TRUE,15.7484762,epi,15.00350578,9.8,70.46875,NA
5/24/04,2004,145,TRUE,15.7484762,hypo,11.39023052,7.714938898,NA,NA
6/7/04,2004,159,TRUE,10.03373111,all,16.06870439,7.908046321,89.48547831,5.521700041
6/7/04,2004,159,TRUE,10.03373111,epi,18.05083553,9.028742304,75.54942832,5.56714204
6/7/04,2004,159,TRUE,10.03373111,hypo,12.64783396,5.97388785,113.5370762,5.44327375
6/21/04,2004,173,TRUE,10.911316,all,17.50373961,6.950035312,NA,NA
6/21/04,2004,173,TRUE,10.911316,epi,19.92872471,8.902550572,62,NA
6/21/04,2004,173,TRUE,10.911316,hypo,13.31856759,3.580277604,NA,NA
7/6/04,2004,188,TRUE,13.96464551,all,19.71028532,NA,69.67311894,5.96957501
7/6/04,2004,188,TRUE,13.96464551,epi,20.91720648,NA,49.08896038,6.120719346
7/6/04,2004,188,TRUE,13.96464551,hypo,15.66424273,NA,138.6787715,5.462883734
7/19/04,2004,201,TRUE,10.62671761,all,19.20722262,6.82753976,NA,NA
7/19/04,2004,201,TRUE,10.62671761,epi,22.19020229,10.12163588,29.82207564,NA
7/19/04,2004,201,TRUE,10.62671761,hypo,14.05903304,1.142408365,NA,NA
8/3/04,2004,216,TRUE,10.4742629,all,19.7222677,4.917730671,107.0678834,6.555950193
8/3/04,2004,216,TRUE,10.4742629,epi,22.95718558,7.669709763,26.69010554,7.026422164
8/3/04,2004,216,TRUE,10.4742629,hypo,14.13926935,0.168214522,245.7882519,5.743983915
8/16/04,2004,229,TRUE,11.76427828,all,17.67653263,5.868769872,NA,NA
8/16/04,2004,229,TRUE,11.76427828,epi,19.82010452,8.53321901,37.1651968,NA
8/16/04,2004,229,TRUE,11.76427828,hypo,13.08094482,0.156477196,NA,NA
9/7/04,2004,251,TRUE,13.07134194,all,19.55459973,5.753133644,138.0094207,NA
9/7/04,2004,251,TRUE,13.07134194,epi,21.34470792,7.434239445,59.70457393,NA
9/7/04,2004,251,TRUE,13.07134194,hypo,13.55350022,0.117450146,400.5159998,NA
10/5/04,2004,279,TRUE,16.72842326,all,16.31105021,8.560878814,225.0634436,5.857994618
10/5/04,2004,279,TRUE,16.72842326,epi,16.76370398,9.584064549,187.8678454,5.870604618
10/5/04,2004,279,TRUE,16.72842326,hypo,12.8818418,0.809442042,506.8493577,5.762463945
11/3/04,2004,308,FALSE,NA,all,12.3,8.799994431,122.0383188,5.57891227
1/31/05,2005,31,FALSE,NA,all,1.203933613,12.26475875,118.6726101,5.685849607
4/15/05,2005,105,FALSE,NA,all,5.691458979,11.93761279,144.5746552,5.65198917
4/25/05,2005,115,FALSE,NA,all,7.596948665,10.07166707,119.324091,NA
5/9/05,2005,129,TRUE,7.929061903,all,8.859101774,11.49347078,136.4158071,6.035585821
5/9/05,2005,129,TRUE,7.929061903,epi,9.793290659,11.76450925,151.1914414,6.01046349
5/9/05,2005,129,TRUE,7.929061903,hypo,8.031462167,11.25334571,123.3254135,6.057842815
5/23/05,2005,143,TRUE,15.10395946,all,12.80527252,10.41873813,NA,NA
5/23/05,2005,143,TRUE,15.10395946,epi,13.18080357,10.57255777,108.53125,NA
5/23/05,2005,143,TRUE,15.10395946,hypo,10.70695808,9.559256662,NA,NA
6/6/05,2005,157,TRUE,8.500305496,all,14.8645066,10.39970086,106.3484645,6.408023782
6/6/05,2005,157,TRUE,8.500305496,epi,17.86529188,11.89513536,86.7560808,6.619554251
6/6/05,2005,157,TRUE,8.500305496,hypo,11.52702222,8.736473133,128.1391853,6.17275882
6/20/05,2005,171,TRUE,8.551848632,all,16.7143753,7.170274045,NA,NA
6/20/05,2005,171,TRUE,8.551848632,epi,20.79712352,9.075824873,78.14424704,NA
6/20/05,2005,171,TRUE,8.551848632,hypo,12.17352777,5.050913436,NA,NA
7/5/05,2005,186,TRUE,9.326613937,all,18.12208995,6.078826649,122.3237499,6.89552018
7/5/05,2005,186,TRUE,9.326613937,epi,22.40132235,9.208623994,54.42018015,7.46021033
7/5/05,2005,186,TRUE,9.326613937,hypo,12.18512744,1.736578379,216.5324561,6.112074941
7/18/05,2005,199,TRUE,8.145680061,all,19.09776591,6.671207333,NA,NA
7/18/05,2005,199,TRUE,8.145680061,epi,24.61736464,11.97464044,45.71637056,NA
7/18/05,2005,199,TRUE,8.145680061,hypo,12.958848,0.77270961,NA,NA
8/1/05,2005,213,TRUE,8.719466673,all,18.60649738,4.430194169,141.4252999,7.628527934
8/1/05,2005,213,TRUE,8.719466673,epi,23.88430626,8.323540609,36.30107868,8.300204103
8/1/05,2005,213,TRUE,8.719466673,hypo,12.73649901,0.1,258.3448437,6.88148724
8/15/05,2005,227,TRUE,9.780902976,all,19.22892677,3.758316836,NA,NA
8/15/05,2005,227,TRUE,9.780902976,epi,23.93558835,6.395151399,23,NA
8/15/05,2005,227,TRUE,9.780902976,hypo,12.69895348,0.1,NA,NA
8/29/05,2005,241,TRUE,10.45580717,all,19.09046979,4.81534756,148.491072,6.624757178
8/29/05,2005,241,TRUE,10.45580717,epi,22.85510994,7.547528584,29.75686016,7.034007036
8/29/05,2005,241,TRUE,10.45580717,hypo,12.59324777,0.1,353.4090737,5.918451373
9/26/05,2005,269,TRUE,12.9749428,all,18.32063121,5.505088757,240.4961104,6.775398368
9/26/05,2005,269,TRUE,12.9749428,epi,20.73004745,7.528807592,133.8241811,6.782349227
9/26/05,2005,269,TRUE,12.9749428,hypo,11.88539505,0.1,525.4029049,6.75683353
11/2/05,2005,306,FALSE,NA,all,12.46331426,5.433969632,159.2761766,NA
11/30/05,2005,334,FALSE,NA,all,5.5,11.2,157.0736784,NA
3/6/06,2006,65,FALSE,NA,all,1.528957057,13.90021941,147.4375292,6.751853575
4/4/06,2006,94,FALSE,NA,all,3.70203853,13.3901849,143.1126515,NA
4/17/06,2006,107,FALSE,NA,all,6.294130317,13.35411504,136.6241539,4.704088815
5/2/06,2006,122,TRUE,6.449498251,all,10.02007881,11.84859818,NA,NA
5/2/06,2006,122,TRUE,6.449498251,epi,10.40767354,11.84970174,114.2742679,NA
5/2/06,2006,122,TRUE,6.449498251,hypo,9.749913628,11.84782897,NA,NA
5/15/06,2006,135,TRUE,18.23431809,all,10.98584233,10.38379913,126.209789,4.83789247
5/15/06,2006,135,TRUE,18.23431809,epi,11.02683272,10.40881832,125.6461457,4.83751874
5/15/06,2006,135,TRUE,18.23431809,hypo,10.30234637,9.966615544,135.6082831,4.844124247
5/30/06,2006,150,TRUE,7.133272697,all,14.15856207,9.440977304,NA,NA
5/30/06,2006,150,TRUE,7.133272697,epi,17.01652442,10.50365102,94.80097202,NA
5/30/06,2006,150,TRUE,7.133272697,hypo,11.62656574,8.499507253,NA,NA
6/12/06,2006,163,TRUE,8.39511986,all,15.35567468,8.019777888,129.1841124,5.82296298
6/12/06,2006,163,TRUE,8.39511986,epi,18.67216582,9.689615059,92.388272,6.352971923
6/12/06,2006,163,TRUE,8.39511986,hypo,11.66706108,6.162578871,170.1085808,5.233485093
6/26/06,2006,177,TRUE,9.25982838,all,16.89560933,6.920644799,NA,NA
6/26/06,2006,177,TRUE,9.25982838,epi,20.43784975,9.02997317,58,NA
6/26/06,2006,177,TRUE,9.25982838,hypo,11.98114182,3.994184566,NA,NA
7/10/06,2006,191,TRUE,9.173824118,all,18.63907332,5.513140861,144.1043029,5.754975928
7/10/06,2006,191,TRUE,9.173824118,epi,22.94336911,8.502012265,77.22192411,6.087553421
7/10/06,2006,191,TRUE,9.173824118,hypo,12.66733812,1.366411775,236.8962192,5.293561374
7/24/06,2006,205,TRUE,10.89421812,all,19.8204499,5.133968078,NA,NA
7/24/06,2006,205,TRUE,10.89421812,epi,23.83259455,7.944872471,59.84019349,NA
7/24/06,2006,205,TRUE,10.89421812,hypo,12.89607107,0.282755418,NA,NA
8/7/06,2006,219,TRUE,9.967605832,all,20.3712452,4.193954579,159.4935969,5.452283512
8/7/06,2006,219,TRUE,9.967605832,epi,25.36435416,7.144787275,35.11719049,5.702572825
8/7/06,2006,219,TRUE,9.967605832,hypo,13.44385779,0.1,332.0521289,5.105034724
8/21/06,2006,233,TRUE,11.37766412,all,19.74566424,4.339594081,NA,NA
8/21/06,2006,233,TRUE,11.37766412,epi,23.17782133,6.317115793,19.6696064,NA
8/21/06,2006,233,TRUE,11.37766412,hypo,12.38748819,0.1,NA,NA
9/6/06,2006,249,TRUE,10.70514908,all,18.8040588,5.487603553,168.7587203,5.182485684
9/6/06,2006,249,TRUE,10.70514908,epi,22.23245383,8.609305189,27.85483729,5.432572999
9/6/06,2006,249,TRUE,10.70514908,hypo,12.88714702,0.1,411.9383541,4.750871306
10/2/06,2006,275,TRUE,15.05632283,all,15.28637045,6.605710652,261.028148,5.060352572
10/2/06,2006,275,TRUE,15.05632283,epi,15.89606092,7.716334034,209.5597098,5.098019794
10/2/06,2006,275,TRUE,15.05632283,hypo,11.87966868,0.4,548.6127968,4.849883494
10/30/06,2006,303,FALSE,NA,all,9.689419558,9.776176688,146.0898467,5.272756819
11/27/06,2006,331,FALSE,NA,all,6.42666193,11.06807425,130.2385121,5.02380203
1/3/07,2007,3,FALSE,NA,all,2.115157556,13.99999555,129.1875355,5.194070203
2/19/07,2007,50,FALSE,NA,all,0.801295017,13.83388189,127.4139867,4.965276485
4/2/07,2007,92,FALSE,NA,all,3.715159338,13.65449726,132.549394,NA
4/16/07,2007,106,FALSE,NA,all,4.037264869,14.19218133,121.860267,4.726933262
4/30/07,2007,120,FALSE,NA,all,8.217238408,14.23253117,87.98613657,NA
5/14/07,2007,134,TRUE,10.49517411,all,12.08619248,6.176476059,88.34393674,5.061774253
5/14/07,2007,134,TRUE,10.49517411,epi,13.45306948,9.250219877,83.25355101,5.044836631
5/14/07,2007,134,TRUE,10.49517411,hypo,9.727161345,0.871640733,97.12920305,5.091006126
5/29/07,2007,149,TRUE,11.0283752,all,14.8960782,8.800659987,NA,NA
5/29/07,2007,149,TRUE,11.0283752,epi,16.62462845,9.269492079,77.3392128,NA
5/29/07,2007,149,TRUE,11.0283752,hypo,11.19025218,7.795534355,NA,NA
6/11/07,2007,162,TRUE,11.13164146,all,16.8724636,7.818782234,106.1974479,5.122016456
6/11/07,2007,162,TRUE,11.13164146,epi,19.16119549,8.699069084,76.54087049,5.13036665
6/11/07,2007,162,TRUE,11.13164146,hypo,11.96566832,5.931541807,169.7779634,5.104114536
6/25/07,2007,176,TRUE,9.849847594,all,18.28110396,7.062709524,NA,NA
6/25/07,2007,176,TRUE,9.849847594,epi,21.75070908,8.879551552,53.2954197,NA
6/25/07,2007,176,TRUE,9.849847594,hypo,13.46740991,4.542041798,NA,NA
7/9/07,2007,190,TRUE,9.692581499,all,19.94643025,5.857477771,113.0593913,5.266296745
7/9/07,2007,190,TRUE,9.692581499,epi,24.35887313,8.696607896,44.57474128,5.371545611
7/9/07,2007,190,TRUE,9.692581499,hypo,13.8246529,1.918498177,208.0742823,5.120275563
7/23/07,2007,204,TRUE,11.04744984,all,19.40180644,5.278772522,NA,NA
7/23/07,2007,204,TRUE,11.04744984,epi,22.80894986,7.654140127,31,NA
7/23/07,2007,204,TRUE,11.04744984,hypo,12.09725703,0.186239592,NA,NA
8/6/07,2007,218,TRUE,10.73813333,all,20.25085233,3.961056779,142.2527008,5.212290862
8/6/07,2007,218,TRUE,10.73813333,epi,24.47861038,6.142233949,28.42748461,5.292669305
8/6/07,2007,218,TRUE,10.73813333,hypo,12.95435608,0.196661829,338.6984892,5.073569345
8/20/07,2007,232,TRUE,12.41156235,all,19.63756803,4.319170025,NA,NA
8/20/07,2007,232,TRUE,12.41156235,epi,22.23105771,5.847022807,26,NA
8/20/07,2007,232,TRUE,12.41156235,hypo,12.71069575,0.238474746,NA,NA
9/4/07,2007,247,TRUE,11.87717217,all,20.20014546,5.218721202,149.6998509,5.088029027
9/4/07,2007,247,TRUE,11.87717217,epi,23.0055855,7.514192389,36.31267353,5.132815205
9/4/07,2007,247,TRUE,11.87717217,hypo,14.18558345,0.297477609,392.7897765,4.992012274
10/1/07,2007,274,TRUE,15.10278926,all,18.14363172,5.913518631,260.3510584,5.391614853
10/1/07,2007,274,TRUE,15.10278926,epi,19.04961922,6.953952206,198.6489955,5.359170168
10/1/07,2007,274,TRUE,15.10278926,hypo,13.08134291,0.1,605.11703,5.572902525
10/29/07,2007,302,TRUE,22.94112784,all,14.29621897,7.50426172,NA,NA
10/29/07,2007,302,TRUE,22.94112784,epi,14.29886161,7.513370536,135.0455613,5.044554827
10/29/07,2007,302,TRUE,22.94112784,hypo,13.05131506,3.21325048,NA,NA
11/26/07,2007,330,FALSE,NA,all,7.101458511,11.26503783,145.5368392,5.093557318
2/13/08,2008,44,FALSE,NA,all,0.842214181,11.6520068,148.1258778,5.130595047
4/14/08,2008,105,FALSE,NA,all,2.956220167,15.22933505,135.9114324,4.946425144
4/28/08,2008,119,FALSE,NA,all,6.938242482,15.36884694,39.64818209,NA
5/12/08,2008,133,TRUE,11.45593319,all,9.568580759,13.43639551,58.90457698,NA
5/12/08,2008,133,TRUE,11.45593319,epi,9.707251347,13.49937939,54.10882125,NA
5/12/08,2008,133,TRUE,11.45593319,hypo,9.271285916,13.30136484,69.18616202,NA
5/28/08,2008,149,TRUE,10.90796678,all,12.950522,10.45636072,NA,NA
5/28/08,2008,149,TRUE,10.90796678,epi,13.73558487,11.02167106,73.64415128,NA
5/28/08,2008,149,TRUE,10.90796678,hypo,11.59561752,9.480717189,NA,NA
6/9/08,2008,161,TRUE,13.11951741,all,16.07204551,8.984065528,99.03038291,NA
6/9/08,2008,161,TRUE,13.11951741,epi,16.86038172,9.545098323,83.61129988,NA
6/9/08,2008,161,TRUE,13.11951741,hypo,13.42925324,7.103277739,150.720807,NA
6/23/08,2008,175,TRUE,10.99063969,all,17.99979575,8.128872202,NA,NA
6/23/08,2008,175,TRUE,10.99063969,epi,20.39489886,10.54277924,105.3377309,NA
6/23/08,2008,175,TRUE,10.99063969,hypo,13.86619572,3.962819302,NA,NA
7/7/08,2008,189,TRUE,10.40118902,all,19.56134991,6.414164581,143.0836139,5.125908206
7/7/08,2008,189,TRUE,10.40118902,epi,22.37233069,9.148337731,93.33469657,5.224064204
7/7/08,2008,189,TRUE,10.40118902,hypo,14.71000541,1.695378902,228.9430184,4.956505212
7/21/08,2008,203,TRUE,10.50306902,all,20.74566535,5.975597566,NA,NA
7/21/08,2008,203,TRUE,10.50306902,epi,24.18508355,9.138293755,52.17792436,NA
7/21/08,2008,203,TRUE,10.50306902,hypo,14.80972915,0.517243369,NA,NA
8/4/08,2008,217,TRUE,10.80193178,all,21.12548542,3.960788821,168.231742,5.407172798
8/4/08,2008,217,TRUE,10.80193178,epi,24.46386983,6.197818821,63.49076517,5.549036939
8/4/08,2008,217,TRUE,10.80193178,hypo,15.36391887,0.1,348.9994528,5.162335899
8/18/08,2008,231,TRUE,11.864505,all,21.04730361,5.065788254,NA,NA
8/18/08,2008,231,TRUE,11.864505,epi,23.86451086,7.283357831,36.3303936,NA
8/18/08,2008,231,TRUE,11.864505,hypo,15.00751396,0.311557341,NA,NA
9/5/08,2008,249,TRUE,12.93031424,all,20.15700467,4.678040147,168.8858299,NA
9/5/08,2008,249,TRUE,12.93031424,epi,22.30854125,6.30281647,52.17752181,NA
9/5/08,2008,249,TRUE,12.93031424,hypo,14.4105314,0.338474746,480.5984815,NA
9/29/08,2008,273,TRUE,14.13750885,all,18.76132942,5.537597873,242.8531923,5.654987321
9/29/08,2008,273,TRUE,14.13750885,epi,19.94132765,6.810321605,168.3656542,5.484884781
9/29/08,2008,273,TRUE,14.13750885,hypo,13.7198929,0.1,561.0945109,6.381735151
10/29/08,2008,303,FALSE,NA,all,12.11651583,9.086558666,149.1407203,4.798226755
1/21/09,2009,21,FALSE,NA,all,1.034819833,14.85485255,143.6955932,5.497239939
4/15/09,2009,105,FALSE,NA,all,4.921627973,12.93956133,159.3260351,4.881295787
4/27/09,2009,117,FALSE,NA,all,7.553769565,13.53519983,200.353562,NA
5/11/09,2009,131,TRUE,13.3028638,all,10.9787792,11.57303537,128.3235787,4.508267494
5/11/09,2009,131,TRUE,13.3028638,epi,11.36541353,11.65961538,125.6419896,4.490150376
5/11/09,2009,131,TRUE,13.3028638,hypo,9.682639049,11.28278737,137.3132495,4.569002724
5/28/09,2009,148,TRUE,17.00801435,all,14.29737544,10.37294048,NA,NA
5/28/09,2009,148,TRUE,17.00801435,epi,14.52941248,10.59637514,147,NA
5/28/09,2009,148,TRUE,17.00801435,hypo,11.78085012,7.94971111,NA,NA
6/9/09,2009,160,TRUE,12.69040188,all,15.37351872,7.805488799,120.9664417,4.685817249
6/9/09,2009,160,TRUE,12.69040188,epi,16.44466554,8.695300781,111.8777744,4.73747283
6/9/09,2009,160,TRUE,12.69040188,hypo,12.51262541,5.428917186,145.2410854,4.547851938
6/23/09,2009,174,TRUE,7.538597347,all,17.74552702,7.298281112,NA,NA
6/23/09,2009,174,TRUE,7.538597347,epi,21.39151257,9.576671408,116.2300853,NA
6/23/09,2009,174,TRUE,7.538597347,hypo,14.51538578,5.279753508,NA,NA
7/6/09,2009,187,TRUE,9.430948101,all,17.9743491,7.602756656,153.9411971,4.891856227
7/6/09,2009,187,TRUE,9.430948101,epi,21.05862399,11.38376773,108.7228344,5.023796953
7/6/09,2009,187,TRUE,9.430948101,hypo,13.69525821,2.357021239,216.6766829,4.708803036
7/20/09,2009,201,TRUE,11.00602597,all,18.13924727,6.490733071,NA,NA
7/20/09,2009,201,TRUE,11.00602597,epi,20.24904459,9.181234689,80.95590397,NA
7/20/09,2009,201,TRUE,11.00602597,hypo,13.61606852,0.722586676,NA,NA
8/5/09,2009,217,TRUE,11.33851408,all,19.73229395,6.114957095,152.6528516,4.99877216
8/5/09,2009,217,TRUE,11.33851408,epi,22.23334967,8.638575862,67.13183897,5.050538135
8/5/09,2009,217,TRUE,11.33851408,hypo,14.37029923,0.704589603,336.0007139,4.887791472
8/19/09,2009,231,TRUE,10.88632222,all,20.08298033,5.346698198,NA,NA
8/19/09,2009,231,TRUE,10.88632222,epi,23.06093228,8.259384345,47.28830255,NA
8/19/09,2009,231,TRUE,10.88632222,hypo,14.94346786,0.319825016,NA,NA
9/2/09,2009,245,TRUE,13.13754237,all,18.78762449,5.714812312,138.6336032,4.827394031
9/2/09,2009,245,TRUE,13.13754237,epi,20.2786871,7.328195489,68.03079815,4.822777436
9/2/09,2009,245,TRUE,13.13754237,hypo,13.7890355,0.3061599,375.3201123,4.842870549
9/30/09,2009,273,TRUE,14.97225861,all,17.26197915,4.776347312,245.253451,7.325212925
9/30/09,2009,273,TRUE,14.97225861,epi,18.05438428,5.738936229,182.4941589,7.141354338
9/30/09,2009,273,TRUE,14.97225861,hypo,13.8764994,0.663772591,513.3868916,8.11073223
10/28/09,2009,301,FALSE,NA,all,11.48411898,7.962011667,165.189321,5.39797489
12/3/09,2009,337,FALSE,NA,all,8.5,9.944872602,149.450606,5.277894325
2/1/10,2010,32,FALSE,NA,all,2.081905819,10.828165,123.0209834,5.152917373
3/29/10,2010,88,FALSE,NA,all,4.399955006,14.49593275,124.4367425,NA
4/13/10,2010,103,FALSE,NA,all,6.644090558,13.63202844,70.44811405,6.279018089
4/26/10,2010,116,FALSE,NA,all,9.378259321,12.86922782,68.32409105,NA
5/10/10,2010,130,FALSE,NA,all,11.86519553,10.07502912,61.15031596,4.675867912
5/24/10,2010,144,TRUE,6.050140879,all,14.02177877,8.08717366,NA,NA
5/24/10,2010,144,TRUE,6.050140879,epi,16.04102495,8.84574295,68.08012473,NA
5/24/10,2010,144,TRUE,6.050140879,hypo,12.61430348,7.558428059,NA,NA
6/7/10,2010,158,TRUE,7.394448138,all,15.91441294,7.155404272,91.15939364,5.235732285
6/7/10,2010,158,TRUE,7.394448138,epi,19.49196302,9.746230441,50.68634424,5.601148056
6/7/10,2010,158,TRUE,7.394448138,hypo,12.74490173,4.86007579,127.0162736,4.911994152
6/21/10,2010,172,TRUE,8.664373454,all,17.64865632,6.188038344,NA,NA
6/21/10,2010,172,TRUE,8.664373454,epi,21.38494078,8.768189509,34.78606176,NA
6/21/10,2010,172,TRUE,8.664373454,hypo,13.49314706,3.31838477,NA,NA
7/5/10,2010,186,TRUE,9.293140295,all,19.06351006,4.756554952,107.2345386,4.012499743
7/5/10,2010,186,TRUE,9.293140295,epi,23.3831353,7.994959755,38.73021273,2.872509223
7/5/10,2010,186,TRUE,9.293140295,hypo,13.07050694,0.263625825,202.2767276,5.594110728
7/19/10,2010,200,TRUE,9.55453397,all,20.53810283,4.183641427,NA,NA
7/19/10,2010,200,TRUE,9.55453397,epi,25.22121502,7.199118436,42.03075891,NA
7/19/10,2010,200,TRUE,9.55453397,hypo,14.0408017,0,NA,NA
8/3/10,2010,215,TRUE,10.07261346,all,20.85145529,3.53011799,112.8851351,4.50072069
8/3/10,2010,215,TRUE,10.07261346,epi,24.97577836,5.575549692,31.70615655,4.544258135
8/3/10,2010,215,TRUE,10.07261346,hypo,13.73347278,0,252.9882598,4.425581385
8/16/10,2010,228,TRUE,12.21397923,all,21.46675696,4.405759431,NA,NA
8/16/10,2010,228,TRUE,12.21397923,epi,24.47310577,6.055028318,33.15482933,NA
8/16/10,2010,228,TRUE,12.21397923,hypo,13.43719185,7.78E-04,NA,NA
8/30/10,2010,242,TRUE,11.8065951,all,20.63760144,4.339683177,126.4010277,4.750346929
8/30/10,2010,242,TRUE,11.8065951,epi,24.00362567,6.363857586,36.42503675,4.770062469
8/30/10,2010,242,TRUE,11.8065951,hypo,13.42120714,7.07E-05,319.299885,4.70807893
10/5/10,2010,278,TRUE,17.10495082,all,16.50724066,5.604230757,243.8094816,4.534587089
10/5/10,2010,278,TRUE,17.10495082,epi,16.85095487,6.120970685,212.3380443,4.542032194
10/5/10,2010,278,TRUE,17.10495082,hypo,12.77953617,0,585.1285615,4.453842247
11/9/10,2010,313,FALSE,NA,all,10.81995719,10.288893,105.5053901,NA
1/19/11,2011,19,FALSE,NA,all,1.917713735,10.35051733,91.43344831,NA
4/18/11,2011,108,FALSE,NA,all,6.02210709,13.45817985,67.21209386,4.057514517
5/2/11,2011,122,FALSE,NA,all,7.849192006,11.80656954,76.63431866,NA
5/17/11,2011,137,TRUE,12.75769959,all,10.44079198,9.528661705,69.77841513,4.21375424
5/17/11,2011,137,TRUE,12.75769959,epi,10.63266493,9.804898209,68.23398515,4.193556559
5/17/11,2011,137,TRUE,12.75769959,hypo,9.928324384,8.790870073,73.90338592,4.26769961
5/31/11,2011,151,TRUE,13.45597522,all,13.69936764,7.295176985,NA,NA
5/31/11,2011,151,TRUE,13.45597522,epi,14.44303065,7.786321573,73.14625506,NA
5/31/11,2011,151,TRUE,13.45597522,hypo,11.20633635,5.648680108,NA,NA
6/13/11,2011,164,TRUE,11.41928633,all,16.30293908,8.282887005,89.02578664,4.329243503
6/13/11,2011,164,TRUE,11.41928633,epi,18.04589254,9.650873755,69.99616201,4.335326637
6/13/11,2011,164,TRUE,11.41928633,hypo,12.56623414,5.350070395,129.8232572,4.316201917
6/27/11,2011,178,TRUE,11.26366554,all,17.4792483,6.789772611,NA,NA
6/27/11,2011,178,TRUE,11.26366554,epi,19.74855463,8.835783113,NA,NA
6/27/11,2011,178,TRUE,11.26366554,hypo,12.61409935,2.403345923,NA,NA
7/11/11,2011,192,TRUE,9.536131182,all,20.08775168,6.047565776,106.2479043,7.692919204
7/11/11,2011,192,TRUE,9.536131182,epi,24.3182637,9.363012649,36.81736297,7.433435224
7/11/11,2011,192,TRUE,9.536131182,hypo,14.21838332,1.447749283,202.5751148,8.052924577
7/25/11,2011,206,TRUE,9.014561672,all,20.56906278,4.671133603,NA,NA
7/25/11,2011,206,TRUE,9.014561672,epi,25.63349943,7.965906478,22,NA
7/25/11,2011,206,TRUE,9.014561672,hypo,13.54271608,0.1,NA,NA
8/4/11,2011,216,TRUE,8.785191834,all,20.93977139,3.084033896,102.7099334,NA
8/4/11,2011,216,TRUE,8.785191834,epi,26.46036379,5.767026227,14.39255499,NA
8/4/11,2011,216,TRUE,8.785191834,hypo,14.7997483,0.1,200.936845,NA
8/22/11,2011,234,TRUE,10.65114769,all,20.31108362,4.904043654,NA,NA
8/22/11,2011,234,TRUE,10.65114769,epi,24.18847845,7.624239226,19.28830255,NA
8/22/11,2011,234,TRUE,10.65114769,hypo,13.6192634,0.209381242,NA,NA
9/12/11,2011,255,TRUE,11.94660424,all,19.30738834,7.021122803,135.1068206,NA
9/12/11,2011,255,TRUE,11.94660424,epi,22.06759758,10.24942022,24.22444063,NA
9/12/11,2011,255,TRUE,11.94660424,hypo,13.3897963,0.1,372.8267298,NA
10/3/11,2011,276,TRUE,16.75469136,all,15.41564002,6.852919591,246.0869028,NA
10/3/11,2011,276,TRUE,16.75469136,epi,15.6822113,7.729727685,208.1184758,NA
10/3/11,2011,276,TRUE,16.75469136,hypo,13.3961529,0.210408589,533.7276027,NA
10/31/11,2011,304,FALSE,NA,all,12.19978817,10.8981733,116.4963866,NA
2/22/12,2012,53,FALSE,NA,all,2.897205263,16.09953313,61.01736996,4.350743542
3/21/12,2012,81,FALSE,NA,all,6.893750321,13.92967896,73.43674254,NA
4/4/12,2012,95,FALSE,NA,all,7.994319648,12.87421523,57.21143955,NA
4/17/12,2012,108,TRUE,8.978441201,all,9.990232119,10.23435742,62.37181119,4.59181228
4/17/12,2012,108,TRUE,8.978441201,epi,10.0855753,10.29412014,58.73767978,4.548509412
4/17/12,2012,108,TRUE,8.978441201,hypo,9.884191089,10.16788912,66.41370546,4.639973888
5/1/12,2012,122,FALSE,NA,all,10.54383507,9.449225417,66.88734851,NA
5/14/12,2012,135,TRUE,9.689847686,all,13.52803625,8.958660304,91.88775443,NA
5/14/12,2012,135,TRUE,9.689847686,epi,14.54522806,9.797911077,81.98053612,NA
5/14/12,2012,135,TRUE,9.689847686,hypo,12.11679492,7.794292515,105.632926,NA
5/29/12,2012,150,TRUE,11.74832061,all,16.77224464,7.312819667,NA,NA
5/29/12,2012,150,TRUE,11.74832061,epi,18.88054875,8.522374653,54.17401601,NA
5/29/12,2012,150,TRUE,11.74832061,hypo,12.25226715,4.719663735,NA,NA
6/11/12,2012,163,TRUE,10.7305284,all,17.82862964,7.205441136,86.78537393,4.544530867
6/11/12,2012,163,TRUE,10.7305284,epi,20.57934916,9.909322779,45.1383905,4.592425462
6/11/12,2012,163,TRUE,10.7305284,hypo,13.08128731,2.538934198,158.6620175,4.461871755
6/25/12,2012,177,TRUE,11.37174577,all,19.92964088,6.185463454,NA,NA
6/25/12,2012,177,TRUE,11.37174577,epi,22.6859546,8.641221623,35.17401601,NA
6/25/12,2012,177,TRUE,11.37174577,hypo,14.02040043,0.920581792,NA,NA
7/10/12,2012,192,TRUE,9.783506999,all,21.54306863,4.361144094,90.68393839,4.493815271
7/10/12,2012,192,TRUE,9.783506999,epi,25.80841319,7.263894212,19.45400537,4.57154657
7/10/12,2012,192,TRUE,9.783506999,hypo,15.62537398,0.333898784,189.5076063,4.385971677
7/23/12,2012,205,TRUE,10.15118544,all,21.37370583,3.654329764,NA,NA
7/23/12,2012,205,TRUE,10.15118544,epi,25.24645558,5.77173263,19.64415128,NA
7/23/12,2012,205,TRUE,10.15118544,hypo,14.68990232,0,NA,NA
8/6/12,2012,219,TRUE,11.07897186,all,21.66015156,4.238023753,98.90414216,4.560330214
8/6/12,2012,219,TRUE,11.07897186,epi,25.13315368,6.214813,14.92560836,4.683051609
8/6/12,2012,219,TRUE,11.07897186,hypo,14.21440817,0,278.9450957,4.297228729
8/20/12,2012,233,TRUE,12.30417792,all,20.10974851,4.74540652,NA,NA
8/20/12,2012,233,TRUE,12.30417792,epi,22.47376397,6.522133782,18.69034134,NA
8/20/12,2012,233,TRUE,12.30417792,hypo,13.79577192,0,NA,NA
9/4/12,2012,248,TRUE,11.8747309,all,20.64263495,4.789086119,121.1039996,4.662864505
9/4/12,2012,248,TRUE,11.8747309,epi,23.59389188,7.022913604,19.36575208,4.860556304
9/4/12,2012,248,TRUE,11.8747309,hypo,14.31545718,0,339.2198714,4.239034529
10/1/12,2012,275,TRUE,16.84497309,all,16.36403996,7.382632411,213.8699509,4.553097743
10/1/12,2012,275,TRUE,16.84497309,epi,16.73164397,8.343910741,170.9742814,4.547870966
10/1/12,2012,275,TRUE,16.84497309,hypo,13.57915036,0.100192928,538.8383885,4.592694695
10/29/12,2012,303,FALSE,NA,all,11.8,8.7,60.71299722,5.074560394
11/29/12,2012,334,FALSE,NA,all,6.059872458,11.49817285,86.6299357,4.952258272
2/12/13,2013,43,FALSE,NA,all,0.986347507,14.37401498,71.45402667,5
4/29/13,2013,119,FALSE,NA,all,5.154525773,15.09695713,70.91387422,6.083048796
5/14/13,2013,134,TRUE,9.027549135,all,8.887701777,12.47038318,68.87348508,6.375432398
5/14/13,2013,134,TRUE,9.027549135,epi,9.21717133,12.74036029,68.06151782,6.404209946
5/14/13,2013,134,TRUE,9.027549135,hypo,8.430599148,12.09581975,70,6.335506726
5/28/13,2013,148,TRUE,11.96215884,all,12.26659012,10.96318953,NA,NA
5/28/13,2013,148,TRUE,11.96215884,epi,13.79701127,11.12601666,58.34803201,NA
5/28/13,2013,148,TRUE,11.96215884,hypo,8.985531618,10.61410566,NA,NA
6/10/13,2013,161,TRUE,10.76005428,all,14.32204829,9.006596052,77.50383647,4.266263579
6/10/13,2013,161,TRUE,10.76005428,epi,16.82112577,10.16024626,46.51495163,4.120273087
6/10/13,2013,161,TRUE,10.76005428,hypo,10.00900359,7.015563373,130.9861501,4.51822196
6/24/13,2013,175,TRUE,8.765153795,all,16.3375589,7.405552952,NA,NA
6/24/13,2013,175,TRUE,8.765153795,epi,20.98969966,10.67595178,37.8606176,NA
6/24/13,2013,175,TRUE,8.765153795,hypo,11.1634309,3.768203404,NA,NA
7/8/13,2013,189,TRUE,9.460293851,all,18.47198025,3.566492561,111.5115567,4.557225722
7/8/13,2013,189,TRUE,9.460293851,epi,23.6988693,5.560521273,34.09879264,4.727116232
7/8/13,2013,189,TRUE,9.460293851,hypo,11.22024877,0.799997874,218.91322,4.321521396
7/22/13,2013,203,TRUE,8.651773251,all,18.66461731,3.799022837,NA,NA
7/22/13,2013,203,TRUE,8.651773251,epi,24.37796108,7.10463198,30,NA
7/22/13,2013,203,TRUE,8.651773251,hypo,12.31021544,0.122512244,NA,NA
8/5/13,2013,217,TRUE,10.14361066,all,17.68277385,3.979487966,123.232696,4.784509022
8/5/13,2013,217,TRUE,10.14361066,epi,21.74325418,6.227352682,39.21912929,4.81099912
8/5/13,2013,217,TRUE,10.14361066,hypo,10.67497466,0.1,268.2279081,4.73879096
8/21/13,2013,233,TRUE,9.928872051,all,18.570254,4.276547111,NA,NA
8/21/13,2013,233,TRUE,9.928872051,epi,23.38221541,7.286910694,20,NA
8/21/13,2013,233,TRUE,9.928872051,hypo,11.89418882,0.1,NA,NA
9/4/13,2013,247,TRUE,10.59811123,all,19.07684648,3.949306276,114.4076744,5.798721063
9/4/13,2013,247,TRUE,10.59811123,epi,23.46219877,6.23762533,21.25241865,5.966
9/4/13,2013,247,TRUE,10.59811123,hypo,11.50836547,0,275.1801138,5.510021917
9/30/13,2013,273,TRUE,13.01903906,all,16.94815203,5.635481607,169.6405005,4.025061788
9/30/13,2013,273,TRUE,13.01903906,epi,18.7608878,7.286697513,109.0240023,3.948849046
9/30/13,2013,273,TRUE,13.01903906,hypo,10.8711966,0.1,372.8492449,4.280554866
10/29/13,2013,302,FALSE,NA,all,11.5,8.423387853,85.81962035,4.17455592
12/2/13,2013,336,FALSE,NA,all,4.5,14.23473386,80,5.214171265
2/3/14,2014,34,FALSE,NA,all,0.810029154,10.76948332,79.85304901,5.008254307
4/29/14,2014,119,FALSE,NA,all,6.280821515,12.1,87.69323657,4.68730514
5/14/14,2014,134,TRUE,15.10018201,all,10.58164032,13.21741126,82.12093858,4.633654541
5/14/14,2014,134,TRUE,15.10018201,epi,10.91830357,13.57544643,80.94308036,4.642396271
5/14/14,2014,134,TRUE,15.10018201,hypo,8.700503299,11.21685669,88.70233011,4.58480932
5/28/14,2014,148,TRUE,6.54179977,all,12.90766409,10.25134035,NA,NA
5/28/14,2014,148,TRUE,6.54179977,epi,16.22960954,11.79861714,NA,NA
5/28/14,2014,148,TRUE,6.54179977,hypo,10.59216824,9.172841914,NA,NA
6/9/14,2014,160,TRUE,7.162788622,all,14.55705389,7.763492458,74.82647316,4.697769545
6/9/14,2014,160,TRUE,7.162788622,epi,19.09506875,9.022593646,53.44594595,4.915576695
6/9/14,2014,160,TRUE,7.162788622,hypo,10.53662409,6.647998546,93.76843602,4.504804475
6/23/14,2014,174,TRUE,7.928809628,all,16.27777665,6.48816954,NA,NA
6/23/14,2014,174,TRUE,7.928809628,epi,21.41135609,9.08029872,30,NA
6/23/14,2014,174,TRUE,7.928809628,hypo,11.72970961,4.191686664,NA,NA
7/7/14,2014,188,TRUE,8.556654959,all,17.10477113,4.83875791,98.28396617,4.523897842
7/7/14,2014,188,TRUE,8.556654959,epi,22.41252115,8.05642978,39.34168782,4.714161379
7/7/14,2014,188,TRUE,8.556654959,hypo,11.20147212,1.260051472,163.839784,4.31228604
7/21/14,2014,202,TRUE,9.401313886,all,17.49517008,4.555854207,NA,NA
7/21/14,2014,202,TRUE,9.401313886,epi,22.08735148,7.71699885,NA,NA
7/21/14,2014,202,TRUE,9.401313886,hypo,11.1240254,0.170115022,NA,NA
8/4/14,2014,216,TRUE,9.48782134,all,18.17780605,4.831396305,91.13425931,4.636943787
8/4/14,2014,216,TRUE,9.48782134,epi,22.84039862,8.241644308,29.57962821,4.713098888
8/4/14,2014,216,TRUE,9.48782134,hypo,11.70897364,0.100053709,176.534514,4.531286991
8/20/14,2014,232,TRUE,10.15694703,all,18.68845242,4.697339804,NA,NA
8/20/14,2014,232,TRUE,10.15694703,epi,22.89190853,7.241741425,30,NA
8/20/14,2014,232,TRUE,10.15694703,hypo,11.4338978,0.306072215,NA,NA
9/2/14,2014,245,TRUE,11.19983822,all,19.31141618,4.727520603,91.38511736,4.732162396
9/2/14,2014,245,TRUE,11.19983822,epi,22.85312755,6.932598399,23.5766781,4.746490283
9/2/14,2014,245,TRUE,11.19983822,hypo,11.71836753,7.07E-05,236.7591256,4.701444948
9/28/14,2014,271,TRUE,10.73122519,all,16.69511752,6.861406486,NA,4.395972189
9/28/14,2014,271,TRUE,10.73122519,epi,18.84056288,9.9141073,NA,4.416815303
9/28/14,2014,271,TRUE,10.73122519,hypo,12.99239046,1.592888328,NA,4.36
10/30/14,2014,303,FALSE,NA,all,12.1966689,8.258298129,94.53972886,4.319372432
2/11/15,2015,42,FALSE,NA,all,0.717645353,11.75644002,112.6256182,4.536577995
4/10/15,2015,100,FALSE,NA,all,4.01102548,13.34978005,107.324091,NA
4/24/15,2015,114,FALSE,NA,all,7.188238361,12.64818945,85.45057312,4.640090995
5/1/15,2015,121,TRUE,9.966762607,all,8.304875144,12.9211444,NA,NA
5/1/15,2015,121,TRUE,9.966762607,epi,8.646128785,13.38765811,74.31688386,NA
5/1/15,2015,121,TRUE,9.966762607,hypo,7.831423393,12.27390815,NA,NA
5/13/15,2015,133,TRUE,9.585081961,all,11.05850862,10.42455435,75.63005093,4.602545395
5/13/15,2015,133,TRUE,9.585081961,epi,12.39294749,10.89814105,70.49104063,4.495998706
5/13/15,2015,133,TRUE,9.585081961,hypo,9.207122006,9.767505093,82.75986035,4.750367163
5/27/15,2015,147,TRUE,11.70336868,all,13.84532811,8.535186026,NA,NA
5/27/15,2015,147,TRUE,11.70336868,epi,15.33953944,9.358876368,55.18283521,NA
5/27/15,2015,147,TRUE,11.70336868,hypo,10.64189957,6.769282433,NA,NA
6/8/15,2015,159,TRUE,9.661750591,all,15.89981825,7.301834728,84.38348935,5.245795176
6/8/15,2015,159,TRUE,9.661750591,epi,18.71322346,8.978056727,55.90834611,5.443503258
6/8/15,2015,159,TRUE,9.661750591,hypo,11.99652914,4.976261769,123.8896068,4.971497041
6/23/15,2015,174,TRUE,10.17392845,all,17.64460911,6.400275761,NA,NA
6/23/15,2015,174,TRUE,10.17392845,epi,20.81236588,8.695584872,53.82207564,NA
6/23/15,2015,174,TRUE,10.17392845,hypo,12.17752109,2.43890566,NA,NA
7/8/15,2015,189,TRUE,9.987157476,all,17.87463399,4.731774965,116.1852883,5.083012188
7/8/15,2015,189,TRUE,9.987157476,epi,21.85745496,7.979685703,41.37202951,5.168478823
7/8/15,2015,189,TRUE,9.987157476,hypo,12.34890961,0.225657402,219.9804251,4.964436668
7/20/15,2015,201,TRUE,10.43757794,all,19.50858803,4.830939239,NA,NA
7/20/15,2015,201,TRUE,10.43757794,epi,23.47380827,7.630096746,NA,NA
7/20/15,2015,201,TRUE,10.43757794,hypo,12.6651939,0,NA,NA
8/3/15,2015,215,TRUE,10.98079837,all,19.8237565,4.668538665,105.1353574,5.302099895
8/3/15,2015,215,TRUE,10.98079837,epi,23.80200528,7.350483729,34.00712401,5.411479332
8/3/15,2015,215,TRUE,10.98079837,hypo,12.95787701,0.039891075,227.892356,5.113326877
8/18/15,2015,230,TRUE,10.03470012,all,20.00477804,3.435252403,NA,NA
8/18/15,2015,230,TRUE,10.03470012,epi,23.94240985,5.425716799,22.17792436,NA
8/18/15,2015,230,TRUE,10.03470012,hypo,13.20899753,0,NA,NA
8/31/15,2015,243,TRUE,11.23284855,all,18.31546228,5.562099433,113.5221557,5.023718624
8/31/15,2015,243,TRUE,11.23284855,epi,20.9274212,8.156459252,29.6214274,4.971565409
8/31/15,2015,243,TRUE,11.23284855,hypo,12.71570298,7.07E-05,293.3963026,5.135529514
10/7/15,2015,280,TRUE,14.91627593,all,16.19666846,5.919376509,185.2995869,4.97637161
10/7/15,2015,280,TRUE,14.91627593,epi,17.10805388,7.304865311,132.4287383,4.975257067
10/7/15,2015,280,TRUE,14.91627593,hypo,12.30285611,0,411.1855405,4.981133398
11/2/15,2015,306,FALSE,NA,all,12.34817786,8.754059574,96.36339127,4.604924953
1/27/16,2016,27,FALSE,NA,all,1.560564961,13.35575219,81.14605409,5.18882257
3/28/16,2016,88,FALSE,NA,all,4.467836134,15.21211914,88.09878806,NA
4/12/16,2016,103,FALSE,NA,all,5.34800123,11.51296445,67.78333214,4.543263285
4/25/16,2016,116,TRUE,7.017477099,all,8.290282239,12.16664714,NA,NA
4/25/16,2016,116,TRUE,7.017477099,epi,10.32195353,13.40457563,50.40291607,NA
4/25/16,2016,116,TRUE,7.017477099,hypo,6.490334006,11.06991107,NA,NA
5/11/16,2016,132,TRUE,13.16154054,all,10.24735172,9.038976861,61.85731682,4.716788001
5/11/16,2016,132,TRUE,13.16154054,epi,10.46855119,9.082504338,59.4403557,4.703277906
5/11/16,2016,132,TRUE,13.16154054,hypo,9.505809933,8.893056785,69.95985738,4.762078797
5/23/16,2016,144,TRUE,6.314458222,all,11.84244873,9.453450385,NA,NA
5/23/16,2016,144,TRUE,6.314458222,epi,13.59349241,11.50965293,52.25732104,NA
5/23/16,2016,144,TRUE,6.314458222,hypo,10.62191865,8.020215395,NA,NA
6/7/16,2016,159,TRUE,9.413794481,all,15.76134122,7.81217773,73.2028327,4.774940784
6/7/16,2016,159,TRUE,9.413794481,epi,19.00674588,9.467535454,42.97441548,4.859806439
6/7/16,2016,159,TRUE,9.413794481,hypo,11.25870057,5.515551647,115.1414242,4.657199058
6/20/16,2016,172,TRUE,9.964908393,all,18.28621632,5.531772961,NA,NA
6/20/16,2016,172,TRUE,9.964908393,epi,22.70789575,7.833729398,24.38769644,NA
6/20/16,2016,172,TRUE,9.964908393,hypo,12.1516243,2.338062553,NA,NA
7/5/16,2016,187,TRUE,9.111877428,all,17.95339604,5.005835832,111.9588491,4.735612405
7/5/16,2016,187,TRUE,9.111877428,epi,22.56008049,8.461920276,30.9506995,4.719071004
7/5/16,2016,187,TRUE,9.111877428,hypo,11.56212996,0.210900235,224.348713,4.758561773
7/18/16,2016,200,TRUE,9.841611522,all,19.08379824,4.024470381,NA,NA
7/18/16,2016,200,TRUE,9.841611522,epi,23.8163281,6.916270602,22.80615178,NA
7/18/16,2016,200,TRUE,9.841611522,hypo,12.51793557,0.012416844,NA,NA
8/1/16,2016,214,TRUE,9.945217864,all,19.64992907,3.5044359,86.91726573,4.684960163
8/1/16,2016,214,TRUE,9.945217864,epi,24.46167114,6.030356458,18.86254312,4.686934649
8/1/16,2016,214,TRUE,9.945217864,hypo,12.97416818,0,181.3356798,4.68222078
8/15/16,2016,228,TRUE,10.05504287,all,20.57775905,3.515495013,NA,NA
8/15/16,2016,228,TRUE,10.05504287,epi,25.06422164,5.552453826,15.60131926,NA
8/15/16,2016,228,TRUE,10.05504287,hypo,12.83477636,0,NA,NA
8/30/16,2016,243,TRUE,10.90044624,all,19.81202939,4.052223967,118.4978001,4.274983027
8/30/16,2016,243,TRUE,10.90044624,epi,23.81067722,6.400175901,43.54265611,4.3035708
8/30/16,2016,243,TRUE,10.90044624,hypo,12.91094408,0,247.8594903,4.225644683
10/4/16,2016,278,TRUE,14.34497483,all,16.7467844,5.454938296,164.2618585,4.387097905
10/4/16,2016,278,TRUE,14.34497483,epi,17.92902694,6.731720726,117.0432243,4.378082165
10/4/16,2016,278,TRUE,14.34497483,hypo,11.6957593,0,365.9992333,4.425616845
11/9/16,2016,314,TRUE,19.18194898,all,13.28982651,6.952963694,95.45936487,4.522654191
11/9/16,2016,314,TRUE,19.18194898,epi,13.33139562,7.125524798,91.53724769,4.520610246
11/9/16,2016,314,TRUE,19.18194898,hypo,12.12354544,2.111513886,205.5,4.58
2/6/17,2017,37,FALSE,NA,all,0.923515259,11.81878491,113.5572177,4.616328444
4/17/17,2017,107,TRUE,17.21210292,all,7.515489665,12.74208477,99.02695062,4.687840477
4/17/17,2017,107,TRUE,17.21210292,epi,7.536321615,12.77258241,99.86674371,4.689485464
4/17/17,2017,107,TRUE,17.21210292,hypo,7.289559651,12.41132689,89.9190919,4.67
5/3/17,2017,123,FALSE,NA,all,9.168860522,9.584440173,90.97227314,NA
5/15/17,2017,135,TRUE,9.595575223,all,11.6950939,9.713221937,80.81473031,4.645333633
5/15/17,2017,135,TRUE,9.595575223,epi,12.74298582,10.86803373,72.25316213,4.701658202
5/15/17,2017,135,TRUE,9.595575223,hypo,10.24125955,8.111048073,92.69296092,4.567189512
5/30/17,2017,150,TRUE,16.92046084,all,14.78924226,7.413414835,NA,NA
5/30/17,2017,150,TRUE,16.92046084,epi,15.08859052,7.690456379,92.10734997,NA
5/30/17,2017,150,TRUE,16.92046084,hypo,12.52144374,5.314607221,NA,NA
6/12/17,2017,163,TRUE,8.651230449,all,17.02845233,6.508627898,104.1233853,5.178423085
6/12/17,2017,163,TRUE,8.651230449,epi,20.32527496,8.756747039,70.99614002,5.585022473
6/12/17,2017,163,TRUE,8.651230449,hypo,13.36171414,4.008261556,140.9676288,4.726201758
6/26/17,2017,177,TRUE,12.2546045,all,18.18737703,5.393584161,NA,NA
6/26/17,2017,177,TRUE,12.2546045,epi,20.15475279,6.965314557,66.30965866,NA
6/26/17,2017,177,TRUE,12.2546045,hypo,12.93277325,1.195697505,NA,NA
7/10/17,2017,191,TRUE,10.02403824,all,19.17199539,5.418654157,114.6817189,4.93242238
7/10/17,2017,191,TRUE,10.02403824,epi,22.65667546,8.509234828,50.691073,4.98258927
7/10/17,2017,191,TRUE,10.02403824,hypo,13.15794379,0.08476087,225.1202783,4.845841616
7/24/17,2017,205,TRUE,10.51758934,all,20.22516178,3.530162984,NA,NA
7/24/17,2017,205,TRUE,10.51758934,epi,23.52302551,5.57525066,46,NA
7/24/17,2017,205,TRUE,10.51758934,hypo,14.53352804,6.39E-04,NA,NA
8/7/17,2017,219,TRUE,11.35558191,all,19.49435797,3.680769843,109.0101316,4.852599059
8/7/17,2017,219,TRUE,11.35558191,epi,22.3348522,5.397288911,41.41344112,4.932043933
8/7/17,2017,219,TRUE,11.35558191,hypo,13.40464353,7.37E-04,253.9301733,4.682277785
8/23/17,2017,235,TRUE,12.30400138,all,19.87725076,4.752857444,NA,NA
8/23/17,2017,235,TRUE,12.30400138,epi,22.39876014,6.532374101,32.84517067,NA
8/23/17,2017,235,TRUE,12.30400138,hypo,13.14262844,8.18E-07,NA,NA
9/6/17,2017,249,TRUE,14.00283769,all,18.29593208,5.262757411,101.1364911,4.568115362
9/6/17,2017,249,TRUE,14.00283769,epi,19.595011,6.493595382,42.98178944,4.591903518
9/6/17,2017,249,TRUE,14.00283769,hypo,12.74573406,0.004112693,349.5972322,4.4664826
9/25/17,2017,268,TRUE,10.35327827,all,18.94169231,3.955108691,NA,NA
9/25/17,2017,268,TRUE,10.35327827,epi,21.33933157,5.96239226,23.71169745,NA
9/25/17,2017,268,TRUE,10.35327827,hypo,14.80371523,0.490828837,NA,NA
10/4/17,2017,277,TRUE,14.17003762,all,17.94230774,3.241445061,236.5253254,5.090102568
10/4/17,2017,277,TRUE,14.17003762,epi,19.1965503,4.000137438,181.7570093,5.034412337
10/4/17,2017,277,TRUE,14.17003762,hypo,12.58366902,0,470.5180381,5.32803408
11/2/17,2017,306,FALSE,NA,all,11.49497696,8.979621607,106.2318295,4.553345293
12/19/17,2017,353,FALSE,NA,all,2.30211827,14.94143082,127.7129191,5.152803004
1/23/18,2018,23,FALSE,NA,all,1.208823011,15.51506646,119.4785461,4.558666475
4/5/18,2018,95,FALSE,NA,all,3.136608894,15.06651082,158.5355306,NA
4/20/18,2018,110,FALSE,NA,all,3.538992228,14.97398515,135.7877831,4.76580893
5/7/18,2018,127,TRUE,6.334228665,all,9.142314421,14.63876192,NA,NA
5/7/18,2018,127,TRUE,6.334228665,epi,11.14658351,16.68470716,96.61171367,NA
5/7/18,2018,127,TRUE,6.334228665,hypo,7.745278607,13.21267657,NA,NA
5/14/18,2018,134,TRUE,11.28706557,all,10.23317022,11.8347205,106.4691431,4.905744903
5/14/18,2018,134,TRUE,11.28706557,epi,11.01267353,12.20976645,102.1949922,4.916460885
5/14/18,2018,134,TRUE,11.28706557,hypo,8.561998871,11.03066225,115.6324632,4.882770989
5/29/18,2018,149,TRUE,4.572889896,all,13.55566042,9.089854354,NA,NA
5/29/18,2018,149,TRUE,4.572889896,epi,21.02396117,11.79623301,81.96407767,NA
5/29/18,2018,149,TRUE,4.572889896,hypo,10.55272251,8.001643348,NA,NA
6/11/18,2018,162,TRUE,7.866840726,all,13.92223785,6.539302736,109.3790613,5.398782496
6/11/18,2018,162,TRUE,7.866840726,epi,18.37050735,8.372712186,68.47747748,5.735141062
6/11/18,2018,162,TRUE,7.866840726,hypo,9.981317454,4.915003515,145.615599,5.100787436
6/25/18,2018,176,TRUE,8.675434087,all,16.02465036,5.409878367,NA,NA
6/25/18,2018,176,TRUE,8.675434087,epi,20.82017766,8.364932318,70.35332064,NA
6/25/18,2018,176,TRUE,8.675434087,hypo,10.69104733,2.12325654,NA,NA
7/9/18,2018,190,TRUE,8.315666686,all,17.81442297,5.119435088,105.1429898,5.557814116
7/9/18,2018,190,TRUE,8.315666686,epi,24.17700931,9.292470389,37.92253596,5.81019247
7/9/18,2018,190,TRUE,8.315666686,hypo,10.73793114,0.478169945,179.9058247,5.277117985
7/23/18,2018,204,TRUE,8.787815863,all,17.27312826,3.85402884,NA,NA
7/23/18,2018,204,TRUE,8.787815863,epi,23.21370558,7.317766497,38.64181472,NA
7/23/18,2018,204,TRUE,8.787815863,hypo,10.6659964,0.001647134,NA,NA
8/6/18,2018,218,TRUE,9.476540305,all,17.87875137,4.21830022,94.18815833,4.902018038
8/6/18,2018,218,TRUE,9.476540305,epi,23.64633959,7.211881947,22.98936374,5.017920659
8/6/18,2018,218,TRUE,9.476540305,hypo,9.876859473,0.065036081,192.9686251,4.741215946
8/22/18,2018,234,TRUE,10.41805484,all,18.50391959,5.437332587,NA,NA
8/22/18,2018,234,TRUE,10.41805484,epi,23.45057168,8.223887423,24.82207564,NA
8/22/18,2018,234,TRUE,10.41805484,hypo,9.966716662,0.628143727,NA,NA
9/4/18,2018,247,TRUE,10.51170242,all,18.20262903,5.588129444,98.34891745,5.583614164
9/4/18,2018,247,TRUE,10.51170242,epi,22.51899736,8.236728232,27.23984169,5.654233289
9/4/18,2018,247,TRUE,10.51170242,hypo,10.7532043,1.017032683,221.0728526,5.461735812
9/19/18,2018,262,TRUE,10.93767337,all,17.824637,6.100188223,NA,NA
9/19/18,2018,262,TRUE,10.93767337,epi,21.58084433,9.28117854,32.22075638,NA
9/19/18,2018,262,TRUE,10.93767337,hypo,11.34196879,0.610261018,NA,NA
10/2/18,2018,275,TRUE,13.67750632,all,15.06390164,6.415333751,169.4997163,4.808633307
10/2/18,2018,275,TRUE,13.67750632,epi,16.64375361,8.179583574,113.8843262,4.78073248
10/2/18,2018,275,TRUE,13.67750632,hypo,9.767658099,0.500920979,355.942911,4.902167114
10/18/18,2018,291,TRUE,18.68030659,all,12.24929848,9.594288474,NA,NA
10/18/18,2018,291,TRUE,18.68030659,epi,12.39068587,10.15145792,82.76118522,NA
10/18/18,2018,291,TRUE,18.68030659,hypo,9.89172868,0.303743945,NA,NA
10/29/18,2018,302,FALSE,NA,all,10.57275872,9.410140082,117.4097247,4.732930518
11/14/18,2018,318,FALSE,NA,all,6.85175331,12.20391602,129.549394,NA
11/30/18,2018,334,FALSE,NA,all,3.593830284,13.87685672,130.3121905,4.209113428
2/21/19,2019,52,FALSE,NA,all,0.651990528,14.50186168,NA,NA
4/3/19,2019,93,FALSE,NA,all,2.29981067,14.8441037,NA,NA
4/15/19,2019,105,FALSE,NA,all,3.738979755,14.75259928,NA,NA
4/29/19,2019,119,FALSE,NA,all,7.199887071,16.28069256,NA,NA
5/12/19,2019,132,TRUE,8.25172082,all,9.082143933,13.65094655,NA,NA
5/12/19,2019,132,TRUE,8.25172082,epi,9.60607022,13.77406937,NA,NA
5/12/19,2019,132,TRUE,8.25172082,hypo,8.499431197,13.5140089,NA,NA
5/28/19,2019,148,TRUE,12.97549851,all,12.65482224,10.45791657,NA,NA
5/28/19,2019,148,TRUE,12.97549851,epi,13.27325884,10.48259605,NA,NA
5/28/19,2019,148,TRUE,12.97549851,hypo,11.00305885,10.39200089,NA,NA
6/11/19,2019,162,TRUE,9.203150661,all,15.71633698,8.507879264,NA,NA
6/11/19,2019,162,TRUE,9.203150661,epi,18.5863166,9.540245305,NA,NA
6/11/19,2019,162,TRUE,9.203150661,hypo,11.73455712,7.075585362,NA,NA
6/24/19,2019,175,TRUE,9.751513305,all,16.29103288,6.863279741,NA,NA
6/24/19,2019,175,TRUE,9.751513305,epi,18.91339594,9.017152166,NA,NA
6/24/19,2019,175,TRUE,9.751513305,hypo,12.65279366,3.87501955,NA,NA
7/8/19,2019,189,TRUE,8.298222663,all,18.7034574,6.487615358,NA,NA
7/8/19,2019,189,TRUE,8.298222663,epi,23.11307107,9.972969543,NA,NA
7/8/19,2019,189,TRUE,8.298222663,hypo,13.79906894,2.61119167,NA,NA
7/22/19,2019,203,TRUE,9.601618667,all,20.04191149,5.462225726,NA,NA
7/22/19,2019,203,TRUE,9.601618667,epi,24.41119203,8.561326179,NA,NA
7/22/19,2019,203,TRUE,9.601618667,hypo,13.98001713,1.162566005,NA,NA
8/5/19,2019,217,TRUE,9.065733908,all,20.12187523,5.100370201,NA,NA
8/5/19,2019,217,TRUE,9.065733908,epi,24.90063243,8.202050594,NA,NA
8/5/19,2019,217,TRUE,9.065733908,hypo,13.49187721,0.797131097,NA,NA
9/4/19,2019,247,TRUE,12.35988285,all,18.5806391,7.392372224,NA,NA
9/4/19,2019,247,TRUE,12.35988285,epi,20.82493495,9.409015766,NA,NA
9/4/19,2019,247,TRUE,12.35988285,hypo,12.58641794,2.00618065,NA,NA
10/4/19,2019,277,TRUE,15.43238035,all,17.14671825,7.005463856,NA,NA
10/4/19,2019,277,TRUE,15.43238035,epi,18.00647321,8.259217437,NA,NA
10/4/19,2019,277,TRUE,15.43238035,hypo,12.342758,0,NA,NA
10/28/19,2019,301,FALSE,NA,all,11.69815102,10.4866295,NA,NA
11/20/19,2019,324,FALSE,NA,all,4.875433844,14.203618,NA,NA
2/12/20,2020,43,FALSE,NA,all,1.018958637,18.94523947,NA,NA
5/7/20,2020,128,TRUE,17.24882545,all,9.838932535,15.12090073,NA,NA
5/7/20,2020,128,TRUE,17.24882545,epi,9.906471232,15.35835057,NA,NA
5/7/20,2020,128,TRUE,17.24882545,hypo,9.106451024,12.54567167,NA,NA
5/15/20,2020,136,TRUE,6.738373974,all,10.29474108,12.13446256,NA,NA
5/15/20,2020,136,TRUE,6.738373974,epi,10.8731833,12.45027115,NA,NA
5/15/20,2020,136,TRUE,6.738373974,hypo,9.891549457,11.91433448,NA,NA
6/2/20,2020,154,TRUE,7.773712659,all,14.43912566,9.080411903,NA,NA
6/2/20,2020,154,TRUE,7.773712659,epi,17.72809388,10.38333333,NA,NA
6/2/20,2020,154,TRUE,7.773712659,hypo,11.52528198,7.926095684,NA,NA
6/12/20,2020,164,TRUE,9.147332358,all,15.98618892,7.466950742,NA,NA
6/12/20,2020,164,TRUE,9.147332358,epi,19.10243388,9.460655424,NA,NA
6/12/20,2020,164,TRUE,9.147332358,hypo,11.66274309,4.700905612,NA,NA
6/24/20,2020,176,TRUE,9.345927342,all,17.56126081,7.452094112,NA,NA
6/24/20,2020,176,TRUE,9.345927342,epi,21.43600997,10.9722499,NA,NA
6/24/20,2020,176,TRUE,9.345927342,hypo,12.18547416,2.568266594,NA,NA
7/8/20,2020,190,TRUE,6.811011216,all,19.08396574,4.980432169,NA,NA
7/8/20,2020,190,TRUE,6.811011216,epi,25.46399132,9.92947397,NA,NA
7/8/20,2020,190,TRUE,6.811011216,hypo,14.63689611,1.530801247,NA,NA
7/22/20,2020,204,TRUE,8.841898413,all,19.12783512,4.614902522,NA,NA
7/22/20,2020,204,TRUE,8.841898413,epi,24.95435702,8.764192047,NA,NA
7/22/20,2020,204,TRUE,8.841898413,hypo,12.64755612,4.75E-05,NA,NA
8/6/20,2020,219,TRUE,9.659930198,all,18.70350084,5.287381257,NA,NA
8/6/20,2020,219,TRUE,9.659930198,epi,23.03282867,9.072288233,NA,NA
8/6/20,2020,219,TRUE,9.659930198,hypo,12.69703645,0.0362407,NA,NA
8/20/20,2020,233,TRUE,10.44977851,all,19.48512311,5.125002512,NA,NA
8/20/20,2020,233,TRUE,10.44977851,epi,23.52809147,8.094547054,NA,NA
8/20/20,2020,233,TRUE,10.44977851,hypo,12.50754702,0,NA,NA
9/2/20,2020,246,TRUE,10.31005715,all,18.88744118,4.248771029,NA,NA
9/2/20,2020,246,TRUE,10.31005715,epi,22.59359719,6.71060686,NA,NA
9/2/20,2020,246,TRUE,10.31005715,hypo,12.49115428,0,NA,NA
9/18/20,2020,262,TRUE,12.62405443,all,16.53804269,6.288347733,NA,NA
9/18/20,2020,262,TRUE,12.62405443,epi,18.2452319,8.642767488,NA,NA
9/18/20,2020,262,TRUE,12.62405443,hypo,11.97836322,0,NA,NA
10/8/20,2020,282,TRUE,14.09961719,all,14.58727412,9.599770585,NA,NA
10/8/20,2020,282,TRUE,14.09961719,epi,15.11305662,11.22906817,NA,NA
10/8/20,2020,282,TRUE,14.09961719,hypo,12.34091556,2.638742943,NA,NA
11/3/20,2020,308,FALSE,NA,all,8.824057414,11.65551541,NA,NA
12/10/20,2020,345,FALSE,NA,all,4.920280387,12.72449555,NA,NA